,Duration
t0001, 1 
t0002, 1 
t0003, 1 
t0004, 1 
t0005, 1 
t0006, 1 
t0007, 1 
t0008, 1 
t0009, 1 
t0010, 1 
t0011, 1 
t0012, 1 
t0013, 1 
t0014, 1 
t0015, 1 
t0016, 1 
t0017, 1 
t0018, 1 
t0019, 1 
t0020, 1 
t0021, 1 
t0022, 1 
t0023, 1 
t0024, 1 
t0025, 1 
t0026, 1 
t0027, 1 
t0028, 1 
t0029, 1 
t0030, 1 
t0031, 1 
t0032, 1 
t0033, 1 
t0034, 1 
t0035, 1 
t0036, 1 
t0037, 1 
t0038, 1 
t0039, 1 
t0040, 1 
t0041, 1 
t0042, 1 
t0043, 1 
t0044, 1 
t0045, 1 
t0046, 1 
t0047, 1 
t0048, 1 
t0049, 1 
t0050, 1 
t0051, 1 
t0052, 1 
t0053, 1 
t0054, 1 
t0055, 1 
t0056, 1 
t0057, 1 
t0058, 1 
t0059, 1 
t0060, 1 
t0061, 1 
t0062, 1 
t0063, 1 
t0064, 1 
t0065, 1 
t0066, 1 
t0067, 1 
t0068, 1 
t0069, 1 
t0070, 1 
t0071, 1 
t0072, 1 
t0073, 1 
t0074, 1 
t0075, 1 
t0076, 1 
t0077, 1 
t0078, 1 
t0079, 1 
t0080, 1 
t0081, 1 
t0082, 1 
t0083, 1 
t0084, 1 
t0085, 1 
t0086, 1 
t0087, 1 
t0088, 1 
t0089, 1 
t0090, 1 
t0091, 1 
t0092, 1 
t0093, 1 
t0094, 1 
t0095, 1 
t0096, 1 
t0097, 1 
t0098, 1 
t0099, 1 
t0100, 1 
t0101, 1 
t0102, 1 
t0103, 1 
t0104, 1 
t0105, 1 
t0106, 1 
t0107, 1 
t0108, 1 
t0109, 1 
t0110, 1 
t0111, 1 
t0112, 1 
t0113, 1 
t0114, 1 
t0115, 1 
t0116, 1 
t0117, 1 
t0118, 1 
t0119, 1 
t0120, 1 
t0121, 1 
t0122, 1 
t0123, 1 
t0124, 1 
t0125, 1 
t0126, 1 
t0127, 1 
t0128, 1 
t0129, 1 
t0130, 1 
t0131, 1 
t0132, 1 
t0133, 1 
t0134, 1 
t0135, 1 
t0136, 1 
t0137, 1 
t0138, 1 
t0139, 1 
t0140, 1 
t0141, 1 
t0142, 1 
t0143, 1 
t0144, 1 
t0145, 1 
t0146, 1 
t0147, 1 
t0148, 1 
t0149, 1 
t0150, 1 
t0151, 1 
t0152, 1 
t0153, 1 
t0154, 1 
t0155, 1 
t0156, 1 
t0157, 1 
t0158, 1 
t0159, 1 
t0160, 1 
t0161, 1 
t0162, 1 
t0163, 1 
t0164, 1 
t0165, 1 
t0166, 1 
t0167, 1 
t0168, 1 
t0169, 0 
t0170, 0 
t0171, 0 
t0172, 0 
t0173, 0 
t0174, 0 
t0175, 0 
t0176, 0 
t0177, 0 
t0178, 0 
t0179, 0 
t0180, 0 
t0181, 0 
t0182, 0 
t0183, 0 
t0184, 0 
t0185, 0 
t0186, 0 
t0187, 0 
t0188, 0 
t0189, 0 
t0190, 0 
t0191, 0 
t0192, 0 
t0193, 0 
t0194, 0 
t0195, 0 
t0196, 0 
t0197, 0 
t0198, 0 
t0199, 0 
t0200, 0 
t0201, 0 
t0202, 0 
t0203, 0 
t0204, 0 
t0205, 0 
t0206, 0 
t0207, 0 
t0208, 0 
t0209, 0 
t0210, 0 
t0211, 0 
t0212, 0 
t0213, 0 
t0214, 0 
t0215, 0 
t0216, 0 
t0217, 0 
t0218, 0 
t0219, 0 
t0220, 0 
t0221, 0 
t0222, 0 
t0223, 0 
t0224, 0 
t0225, 0 
t0226, 0 
t0227, 0 
t0228, 0 
t0229, 0 
t0230, 0 
t0231, 0 
t0232, 0 
t0233, 0 
t0234, 0 
t0235, 0 
t0236, 0 
t0237, 0 
t0238, 0 
t0239, 0 
t0240, 0 
t0241, 0 
t0242, 0 
t0243, 0 
t0244, 0 
t0245, 0 
t0246, 0 
t0247, 0 
t0248, 0 
t0249, 0 
t0250, 0 
t0251, 0 
t0252, 0 
t0253, 0 
t0254, 0 
t0255, 0 
t0256, 0 
t0257, 0 
t0258, 0 
t0259, 0 
t0260, 0 
t0261, 0 
t0262, 0 
t0263, 0 
t0264, 0 
t0265, 0 
t0266, 0 
t0267, 0 
t0268, 0 
t0269, 0 
t0270, 0 
t0271, 0 
t0272, 0 
t0273, 0 
t0274, 0 
t0275, 0 
t0276, 0 
t0277, 0 
t0278, 0 
t0279, 0 
t0280, 0 
t0281, 0 
t0282, 0 
t0283, 0 
t0284, 0 
t0285, 0 
t0286, 0 
t0287, 0 
t0288, 0 
t0289, 0 
t0290, 0 
t0291, 0 
t0292, 0 
t0293, 0 
t0294, 0 
t0295, 0 
t0296, 0 
t0297, 0 
t0298, 0 
t0299, 0 
t0300, 0 
t0301, 0 
t0302, 0 
t0303, 0 
t0304, 0 
t0305, 0 
t0306, 0 
t0307, 0 
t0308, 0 
t0309, 0 
t0310, 0 
t0311, 0 
t0312, 0 
t0313, 0 
t0314, 0 
t0315, 0 
t0316, 0 
t0317, 0 
t0318, 0 
t0319, 0 
t0320, 0 
t0321, 0 
t0322, 0 
t0323, 0 
t0324, 0 
t0325, 0 
t0326, 0 
t0327, 0 
t0328, 0 
t0329, 0 
t0330, 0 
t0331, 0 
t0332, 0 
t0333, 0 
t0334, 0 
t0335, 0 
t0336, 0 
t0337, 0 
t0338, 0 
t0339, 0 
t0340, 0 
t0341, 0 
t0342, 0 
t0343, 0 
t0344, 0 
t0345, 0 
t0346, 0 
t0347, 0 
t0348, 0 
t0349, 0 
t0350, 0 
t0351, 0 
t0352, 0 
t0353, 0 
t0354, 0 
t0355, 0 
t0356, 0 
t0357, 0 
t0358, 0 
t0359, 0 
t0360, 0 
t0361, 0 
t0362, 0 
t0363, 0 
t0364, 0 
t0365, 0 
t0366, 0 
t0367, 0 
t0368, 0 
t0369, 0 
t0370, 0 
t0371, 0 
t0372, 0 
t0373, 0 
t0374, 0 
t0375, 0 
t0376, 0 
t0377, 0 
t0378, 0 
t0379, 0 
t0380, 0 
t0381, 0 
t0382, 0 
t0383, 0 
t0384, 0 
t0385, 0 
t0386, 0 
t0387, 0 
t0388, 0 
t0389, 0 
t0390, 0 
t0391, 0 
t0392, 0 
t0393, 0 
t0394, 0 
t0395, 0 
t0396, 0 
t0397, 0 
t0398, 0 
t0399, 0 
t0400, 0 
t0401, 0 
t0402, 0 
t0403, 0 
t0404, 0 
t0405, 0 
t0406, 0 
t0407, 0 
t0408, 0 
t0409, 0 
t0410, 0 
t0411, 0 
t0412, 0 
t0413, 0 
t0414, 0 
t0415, 0 
t0416, 0 
t0417, 0 
t0418, 0 
t0419, 0 
t0420, 0 
t0421, 0 
t0422, 0 
t0423, 0 
t0424, 0 
t0425, 0 
t0426, 0 
t0427, 0 
t0428, 0 
t0429, 0 
t0430, 0 
t0431, 0 
t0432, 0 
t0433, 0 
t0434, 0 
t0435, 0 
t0436, 0 
t0437, 0 
t0438, 0 
t0439, 0 
t0440, 0 
t0441, 0 
t0442, 0 
t0443, 0 
t0444, 0 
t0445, 0 
t0446, 0 
t0447, 0 
t0448, 0 
t0449, 0 
t0450, 0 
t0451, 0 
t0452, 0 
t0453, 0 
t0454, 0 
t0455, 0 
t0456, 0 
t0457, 0 
t0458, 0 
t0459, 0 
t0460, 0 
t0461, 0 
t0462, 0 
t0463, 0 
t0464, 0 
t0465, 0 
t0466, 0 
t0467, 0 
t0468, 0 
t0469, 0 
t0470, 0 
t0471, 0 
t0472, 0 
t0473, 0 
t0474, 0 
t0475, 0 
t0476, 0 
t0477, 0 
t0478, 0 
t0479, 0 
t0480, 0 
t0481, 0 
t0482, 0 
t0483, 0 
t0484, 0 
t0485, 0 
t0486, 0 
t0487, 0 
t0488, 0 
t0489, 0 
t0490, 0 
t0491, 0 
t0492, 0 
t0493, 0 
t0494, 0 
t0495, 0 
t0496, 0 
t0497, 0 
t0498, 0 
t0499, 0 
t0500, 0 
t0501, 0 
t0502, 0 
t0503, 0 
t0504, 0 
t0505, 0 
t0506, 0 
t0507, 0 
t0508, 0 
t0509, 0 
t0510, 0 
t0511, 0 
t0512, 0 
t0513, 0 
t0514, 0 
t0515, 0 
t0516, 0 
t0517, 0 
t0518, 0 
t0519, 0 
t0520, 0 
t0521, 0 
t0522, 0 
t0523, 0 
t0524, 0 
t0525, 0 
t0526, 0 
t0527, 0 
t0528, 0 
t0529, 0 
t0530, 0 
t0531, 0 
t0532, 0 
t0533, 0 
t0534, 0 
t0535, 0 
t0536, 0 
t0537, 0 
t0538, 0 
t0539, 0 
t0540, 0 
t0541, 0 
t0542, 0 
t0543, 0 
t0544, 0 
t0545, 0 
t0546, 0 
t0547, 0 
t0548, 0 
t0549, 0 
t0550, 0 
t0551, 0 
t0552, 0 
t0553, 0 
t0554, 0 
t0555, 0 
t0556, 0 
t0557, 0 
t0558, 0 
t0559, 0 
t0560, 0 
t0561, 0 
t0562, 0 
t0563, 0 
t0564, 0 
t0565, 0 
t0566, 0 
t0567, 0 
t0568, 0 
t0569, 0 
t0570, 0 
t0571, 0 
t0572, 0 
t0573, 0 
t0574, 0 
t0575, 0 
t0576, 0 
t0577, 0 
t0578, 0 
t0579, 0 
t0580, 0 
t0581, 0 
t0582, 0 
t0583, 0 
t0584, 0 
t0585, 0 
t0586, 0 
t0587, 0 
t0588, 0 
t0589, 0 
t0590, 0 
t0591, 0 
t0592, 0 
t0593, 0 
t0594, 0 
t0595, 0 
t0596, 0 
t0597, 0 
t0598, 0 
t0599, 0 
t0600, 0 
t0601, 0 
t0602, 0 
t0603, 0 
t0604, 0 
t0605, 0 
t0606, 0 
t0607, 0 
t0608, 0 
t0609, 0 
t0610, 0 
t0611, 0 
t0612, 0 
t0613, 0 
t0614, 0 
t0615, 0 
t0616, 0 
t0617, 0 
t0618, 0 
t0619, 0 
t0620, 0 
t0621, 0 
t0622, 0 
t0623, 0 
t0624, 0 
t0625, 0 
t0626, 0 
t0627, 0 
t0628, 0 
t0629, 0 
t0630, 0 
t0631, 0 
t0632, 0 
t0633, 0 
t0634, 0 
t0635, 0 
t0636, 0 
t0637, 0 
t0638, 0 
t0639, 0 
t0640, 0 
t0641, 0 
t0642, 0 
t0643, 0 
t0644, 0 
t0645, 0 
t0646, 0 
t0647, 0 
t0648, 0 
t0649, 0 
t0650, 0 
t0651, 0 
t0652, 0 
t0653, 0 
t0654, 0 
t0655, 0 
t0656, 0 
t0657, 0 
t0658, 0 
t0659, 0 
t0660, 0 
t0661, 0 
t0662, 0 
t0663, 0 
t0664, 0 
t0665, 0 
t0666, 0 
t0667, 0 
t0668, 0 
t0669, 0 
t0670, 0 
t0671, 0 
t0672, 0 
t0673, 0 
t0674, 0 
t0675, 0 
t0676, 0 
t0677, 0 
t0678, 0 
t0679, 0 
t0680, 0 
t0681, 0 
t0682, 0 
t0683, 0 
t0684, 0 
t0685, 0 
t0686, 0 
t0687, 0 
t0688, 0 
t0689, 0 
t0690, 0 
t0691, 0 
t0692, 0 
t0693, 0 
t0694, 0 
t0695, 0 
t0696, 0 
t0697, 0 
t0698, 0 
t0699, 0 
t0700, 0 
t0701, 0 
t0702, 0 
t0703, 0 
t0704, 0 
t0705, 0 
t0706, 0 
t0707, 0 
t0708, 0 
t0709, 0 
t0710, 0 
t0711, 0 
t0712, 0 
t0713, 0 
t0714, 0 
t0715, 0 
t0716, 0 
t0717, 0 
t0718, 0 
t0719, 0 
t0720, 0 
t0721, 0 
t0722, 0 
t0723, 0 
t0724, 0 
t0725, 0 
t0726, 0 
t0727, 0 
t0728, 0 
t0729, 0 
t0730, 0 
t0731, 0 
t0732, 0 
t0733, 0 
t0734, 0 
t0735, 0 
t0736, 0 
t0737, 0 
t0738, 0 
t0739, 0 
t0740, 0 
t0741, 0 
t0742, 0 
t0743, 0 
t0744, 0 
t0745, 0 
t0746, 0 
t0747, 0 
t0748, 0 
t0749, 0 
t0750, 0 
t0751, 0 
t0752, 0 
t0753, 0 
t0754, 0 
t0755, 0 
t0756, 0 
t0757, 0 
t0758, 0 
t0759, 0 
t0760, 0 
t0761, 0 
t0762, 0 
t0763, 0 
t0764, 0 
t0765, 0 
t0766, 0 
t0767, 0 
t0768, 0 
t0769, 0 
t0770, 0 
t0771, 0 
t0772, 0 
t0773, 0 
t0774, 0 
t0775, 0 
t0776, 0 
t0777, 0 
t0778, 0 
t0779, 0 
t0780, 0 
t0781, 0 
t0782, 0 
t0783, 0 
t0784, 0 
t0785, 0 
t0786, 0 
t0787, 0 
t0788, 0 
t0789, 0 
t0790, 0 
t0791, 0 
t0792, 0 
t0793, 0 
t0794, 0 
t0795, 0 
t0796, 0 
t0797, 0 
t0798, 0 
t0799, 0 
t0800, 0 
t0801, 0 
t0802, 0 
t0803, 0 
t0804, 0 
t0805, 0 
t0806, 0 
t0807, 0 
t0808, 0 
t0809, 0 
t0810, 0 
t0811, 0 
t0812, 0 
t0813, 0 
t0814, 0 
t0815, 0 
t0816, 0 
t0817, 0 
t0818, 0 
t0819, 0 
t0820, 0 
t0821, 0 
t0822, 0 
t0823, 0 
t0824, 0 
t0825, 0 
t0826, 0 
t0827, 0 
t0828, 0 
t0829, 0 
t0830, 0 
t0831, 0 
t0832, 0 
t0833, 0 
t0834, 0 
t0835, 0 
t0836, 0 
t0837, 0 
t0838, 0 
t0839, 0 
t0840, 0 
t0841, 0 
t0842, 0 
t0843, 0 
t0844, 0 
t0845, 0 
t0846, 0 
t0847, 0 
t0848, 0 
t0849, 0 
t0850, 0 
t0851, 0 
t0852, 0 
t0853, 0 
t0854, 0 
t0855, 0 
t0856, 0 
t0857, 0 
t0858, 0 
t0859, 0 
t0860, 0 
t0861, 0 
t0862, 0 
t0863, 0 
t0864, 0 
t0865, 0 
t0866, 0 
t0867, 0 
t0868, 0 
t0869, 0 
t0870, 0 
t0871, 0 
t0872, 0 
t0873, 0 
t0874, 0 
t0875, 0 
t0876, 0 
t0877, 0 
t0878, 0 
t0879, 0 
t0880, 0 
t0881, 0 
t0882, 0 
t0883, 0 
t0884, 0 
t0885, 0 
t0886, 0 
t0887, 0 
t0888, 0 
t0889, 0 
t0890, 0 
t0891, 0 
t0892, 0 
t0893, 0 
t0894, 0 
t0895, 0 
t0896, 0 
t0897, 0 
t0898, 0 
t0899, 0 
t0900, 0 
t0901, 0 
t0902, 0 
t0903, 0 
t0904, 0 
t0905, 0 
t0906, 0 
t0907, 0 
t0908, 0 
t0909, 0 
t0910, 0 
t0911, 0 
t0912, 0 
t0913, 0 
t0914, 0 
t0915, 0 
t0916, 0 
t0917, 0 
t0918, 0 
t0919, 0 
t0920, 0 
t0921, 0 
t0922, 0 
t0923, 0 
t0924, 0 
t0925, 0 
t0926, 0 
t0927, 0 
t0928, 0 
t0929, 0 
t0930, 0 
t0931, 0 
t0932, 0 
t0933, 0 
t0934, 0 
t0935, 0 
t0936, 0 
t0937, 0 
t0938, 0 
t0939, 0 
t0940, 0 
t0941, 0 
t0942, 0 
t0943, 0 
t0944, 0 
t0945, 0 
t0946, 0 
t0947, 0 
t0948, 0 
t0949, 0 
t0950, 0 
t0951, 0 
t0952, 0 
t0953, 0 
t0954, 0 
t0955, 0 
t0956, 0 
t0957, 0 
t0958, 0 
t0959, 0 
t0960, 0 
t0961, 0 
t0962, 0 
t0963, 0 
t0964, 0 
t0965, 0 
t0966, 0 
t0967, 0 
t0968, 0 
t0969, 0 
t0970, 0 
t0971, 0 
t0972, 0 
t0973, 0 
t0974, 0 
t0975, 0 
t0976, 0 
t0977, 0 
t0978, 0 
t0979, 0 
t0980, 0 
t0981, 0 
t0982, 0 
t0983, 0 
t0984, 0 
t0985, 0 
t0986, 0 
t0987, 0 
t0988, 0 
t0989, 0 
t0990, 0 
t0991, 0 
t0992, 0 
t0993, 0 
t0994, 0 
t0995, 0 
t0996, 0 
t0997, 0 
t0998, 0 
t0999, 0 
t1000, 0 
t1001, 0 
t1002, 0 
t1003, 0 
t1004, 0 
t1005, 0 
t1006, 0 
t1007, 0 
t1008, 0 
t1009, 0 
t1010, 0 
t1011, 0 
t1012, 0 
t1013, 0 
t1014, 0 
t1015, 0 
t1016, 0 
t1017, 0 
t1018, 0 
t1019, 0 
t1020, 0 
t1021, 0 
t1022, 0 
t1023, 0 
t1024, 0 
t1025, 0 
t1026, 0 
t1027, 0 
t1028, 0 
t1029, 0 
t1030, 0 
t1031, 0 
t1032, 0 
t1033, 0 
t1034, 0 
t1035, 0 
t1036, 0 
t1037, 0 
t1038, 0 
t1039, 0 
t1040, 0 
t1041, 0 
t1042, 0 
t1043, 0 
t1044, 0 
t1045, 0 
t1046, 0 
t1047, 0 
t1048, 0 
t1049, 0 
t1050, 0 
t1051, 0 
t1052, 0 
t1053, 0 
t1054, 0 
t1055, 0 
t1056, 0 
t1057, 0 
t1058, 0 
t1059, 0 
t1060, 0 
t1061, 0 
t1062, 0 
t1063, 0 
t1064, 0 
t1065, 0 
t1066, 0 
t1067, 0 
t1068, 0 
t1069, 0 
t1070, 0 
t1071, 0 
t1072, 0 
t1073, 0 
t1074, 0 
t1075, 0 
t1076, 0 
t1077, 0 
t1078, 0 
t1079, 0 
t1080, 0 
t1081, 0 
t1082, 0 
t1083, 0 
t1084, 0 
t1085, 0 
t1086, 0 
t1087, 0 
t1088, 0 
t1089, 0 
t1090, 0 
t1091, 0 
t1092, 0 
t1093, 0 
t1094, 0 
t1095, 0 
t1096, 0 
t1097, 0 
t1098, 0 
t1099, 0 
t1100, 0 
t1101, 0 
t1102, 0 
t1103, 0 
t1104, 0 
t1105, 0 
t1106, 0 
t1107, 0 
t1108, 0 
t1109, 0 
t1110, 0 
t1111, 0 
t1112, 0 
t1113, 0 
t1114, 0 
t1115, 0 
t1116, 0 
t1117, 0 
t1118, 0 
t1119, 0 
t1120, 0 
t1121, 0 
t1122, 0 
t1123, 0 
t1124, 0 
t1125, 0 
t1126, 0 
t1127, 0 
t1128, 0 
t1129, 0 
t1130, 0 
t1131, 0 
t1132, 0 
t1133, 0 
t1134, 0 
t1135, 0 
t1136, 0 
t1137, 0 
t1138, 0 
t1139, 0 
t1140, 0 
t1141, 0 
t1142, 0 
t1143, 0 
t1144, 0 
t1145, 0 
t1146, 0 
t1147, 0 
t1148, 0 
t1149, 0 
t1150, 0 
t1151, 0 
t1152, 0 
t1153, 0 
t1154, 0 
t1155, 0 
t1156, 0 
t1157, 0 
t1158, 0 
t1159, 0 
t1160, 0 
t1161, 0 
t1162, 0 
t1163, 0 
t1164, 0 
t1165, 0 
t1166, 0 
t1167, 0 
t1168, 0 
t1169, 0 
t1170, 0 
t1171, 0 
t1172, 0 
t1173, 0 
t1174, 0 
t1175, 0 
t1176, 0 
t1177, 0 
t1178, 0 
t1179, 0 
t1180, 0 
t1181, 0 
t1182, 0 
t1183, 0 
t1184, 0 
t1185, 0 
t1186, 0 
t1187, 0 
t1188, 0 
t1189, 0 
t1190, 0 
t1191, 0 
t1192, 0 
t1193, 0 
t1194, 0 
t1195, 0 
t1196, 0 
t1197, 0 
t1198, 0 
t1199, 0 
t1200, 0 
t1201, 0 
t1202, 0 
t1203, 0 
t1204, 0 
t1205, 0 
t1206, 0 
t1207, 0 
t1208, 0 
t1209, 0 
t1210, 0 
t1211, 0 
t1212, 0 
t1213, 0 
t1214, 0 
t1215, 0 
t1216, 0 
t1217, 0 
t1218, 0 
t1219, 0 
t1220, 0 
t1221, 0 
t1222, 0 
t1223, 0 
t1224, 0 
t1225, 0 
t1226, 0 
t1227, 0 
t1228, 0 
t1229, 0 
t1230, 0 
t1231, 0 
t1232, 0 
t1233, 0 
t1234, 0 
t1235, 0 
t1236, 0 
t1237, 0 
t1238, 0 
t1239, 0 
t1240, 0 
t1241, 0 
t1242, 0 
t1243, 0 
t1244, 0 
t1245, 0 
t1246, 0 
t1247, 0 
t1248, 0 
t1249, 0 
t1250, 0 
t1251, 0 
t1252, 0 
t1253, 0 
t1254, 0 
t1255, 0 
t1256, 0 
t1257, 0 
t1258, 0 
t1259, 0 
t1260, 0 
t1261, 0 
t1262, 0 
t1263, 0 
t1264, 0 
t1265, 0 
t1266, 0 
t1267, 0 
t1268, 0 
t1269, 0 
t1270, 0 
t1271, 0 
t1272, 0 
t1273, 0 
t1274, 0 
t1275, 0 
t1276, 0 
t1277, 0 
t1278, 0 
t1279, 0 
t1280, 0 
t1281, 0 
t1282, 0 
t1283, 0 
t1284, 0 
t1285, 0 
t1286, 0 
t1287, 0 
t1288, 0 
t1289, 0 
t1290, 0 
t1291, 0 
t1292, 0 
t1293, 0 
t1294, 0 
t1295, 0 
t1296, 0 
t1297, 0 
t1298, 0 
t1299, 0 
t1300, 0 
t1301, 0 
t1302, 0 
t1303, 0 
t1304, 0 
t1305, 0 
t1306, 0 
t1307, 0 
t1308, 0 
t1309, 0 
t1310, 0 
t1311, 0 
t1312, 0 
t1313, 0 
t1314, 0 
t1315, 0 
t1316, 0 
t1317, 0 
t1318, 0 
t1319, 0 
t1320, 0 
t1321, 0 
t1322, 0 
t1323, 0 
t1324, 0 
t1325, 0 
t1326, 0 
t1327, 0 
t1328, 0 
t1329, 0 
t1330, 0 
t1331, 0 
t1332, 0 
t1333, 0 
t1334, 0 
t1335, 0 
t1336, 0 
t1337, 0 
t1338, 0 
t1339, 0 
t1340, 0 
t1341, 0 
t1342, 0 
t1343, 0 
t1344, 0 
t1345, 0 
t1346, 0 
t1347, 0 
t1348, 0 
t1349, 0 
t1350, 0 
t1351, 0 
t1352, 0 
t1353, 0 
t1354, 0 
t1355, 0 
t1356, 0 
t1357, 0 
t1358, 0 
t1359, 0 
t1360, 0 
t1361, 0 
t1362, 0 
t1363, 0 
t1364, 0 
t1365, 0 
t1366, 0 
t1367, 0 
t1368, 0 
t1369, 0 
t1370, 0 
t1371, 0 
t1372, 0 
t1373, 0 
t1374, 0 
t1375, 0 
t1376, 0 
t1377, 0 
t1378, 0 
t1379, 0 
t1380, 0 
t1381, 0 
t1382, 0 
t1383, 0 
t1384, 0 
t1385, 0 
t1386, 0 
t1387, 0 
t1388, 0 
t1389, 0 
t1390, 0 
t1391, 0 
t1392, 0 
t1393, 0 
t1394, 0 
t1395, 0 
t1396, 0 
t1397, 0 
t1398, 0 
t1399, 0 
t1400, 0 
t1401, 0 
t1402, 0 
t1403, 0 
t1404, 0 
t1405, 0 
t1406, 0 
t1407, 0 
t1408, 0 
t1409, 0 
t1410, 0 
t1411, 0 
t1412, 0 
t1413, 0 
t1414, 0 
t1415, 0 
t1416, 0 
t1417, 0 
t1418, 0 
t1419, 0 
t1420, 0 
t1421, 0 
t1422, 0 
t1423, 0 
t1424, 0 
t1425, 0 
t1426, 0 
t1427, 0 
t1428, 0 
t1429, 0 
t1430, 0 
t1431, 0 
t1432, 0 
t1433, 0 
t1434, 0 
t1435, 0 
t1436, 0 
t1437, 0 
t1438, 0 
t1439, 0 
t1440, 0 
t1441, 0 
t1442, 0 
t1443, 0 
t1444, 0 
t1445, 0 
t1446, 0 
t1447, 0 
t1448, 0 
t1449, 0 
t1450, 0 
t1451, 0 
t1452, 0 
t1453, 0 
t1454, 0 
t1455, 0 
t1456, 0 
t1457, 0 
t1458, 0 
t1459, 0 
t1460, 0 
t1461, 0 
t1462, 0 
t1463, 0 
t1464, 0 
t1465, 0 
t1466, 0 
t1467, 0 
t1468, 0 
t1469, 0 
t1470, 0 
t1471, 0 
t1472, 0 
t1473, 0 
t1474, 0 
t1475, 0 
t1476, 0 
t1477, 0 
t1478, 0 
t1479, 0 
t1480, 0 
t1481, 0 
t1482, 0 
t1483, 0 
t1484, 0 
t1485, 0 
t1486, 0 
t1487, 0 
t1488, 0 
t1489, 0 
t1490, 0 
t1491, 0 
t1492, 0 
t1493, 0 
t1494, 0 
t1495, 0 
t1496, 0 
t1497, 0 
t1498, 0 
t1499, 0 
t1500, 0 
t1501, 0 
t1502, 0 
t1503, 0 
t1504, 0 
t1505, 0 
t1506, 0 
t1507, 0 
t1508, 0 
t1509, 0 
t1510, 0 
t1511, 0 
t1512, 0 
t1513, 0 
t1514, 0 
t1515, 0 
t1516, 0 
t1517, 0 
t1518, 0 
t1519, 0 
t1520, 0 
t1521, 0 
t1522, 0 
t1523, 0 
t1524, 0 
t1525, 0 
t1526, 0 
t1527, 0 
t1528, 0 
t1529, 0 
t1530, 0 
t1531, 0 
t1532, 0 
t1533, 0 
t1534, 0 
t1535, 0 
t1536, 0 
t1537, 0 
t1538, 0 
t1539, 0 
t1540, 0 
t1541, 0 
t1542, 0 
t1543, 0 
t1544, 0 
t1545, 0 
t1546, 0 
t1547, 0 
t1548, 0 
t1549, 0 
t1550, 0 
t1551, 0 
t1552, 0 
t1553, 0 
t1554, 0 
t1555, 0 
t1556, 0 
t1557, 0 
t1558, 0 
t1559, 0 
t1560, 0 
t1561, 0 
t1562, 0 
t1563, 0 
t1564, 0 
t1565, 0 
t1566, 0 
t1567, 0 
t1568, 0 
t1569, 0 
t1570, 0 
t1571, 0 
t1572, 0 
t1573, 0 
t1574, 0 
t1575, 0 
t1576, 0 
t1577, 0 
t1578, 0 
t1579, 0 
t1580, 0 
t1581, 0 
t1582, 0 
t1583, 0 
t1584, 0 
t1585, 0 
t1586, 0 
t1587, 0 
t1588, 0 
t1589, 0 
t1590, 0 
t1591, 0 
t1592, 0 
t1593, 0 
t1594, 0 
t1595, 0 
t1596, 0 
t1597, 0 
t1598, 0 
t1599, 0 
t1600, 0 
t1601, 0 
t1602, 0 
t1603, 0 
t1604, 0 
t1605, 0 
t1606, 0 
t1607, 0 
t1608, 0 
t1609, 0 
t1610, 0 
t1611, 0 
t1612, 0 
t1613, 0 
t1614, 0 
t1615, 0 
t1616, 0 
t1617, 0 
t1618, 0 
t1619, 0 
t1620, 0 
t1621, 0 
t1622, 0 
t1623, 0 
t1624, 0 
t1625, 0 
t1626, 0 
t1627, 0 
t1628, 0 
t1629, 0 
t1630, 0 
t1631, 0 
t1632, 0 
t1633, 0 
t1634, 0 
t1635, 0 
t1636, 0 
t1637, 0 
t1638, 0 
t1639, 0 
t1640, 0 
t1641, 0 
t1642, 0 
t1643, 0 
t1644, 0 
t1645, 0 
t1646, 0 
t1647, 0 
t1648, 0 
t1649, 0 
t1650, 0 
t1651, 0 
t1652, 0 
t1653, 0 
t1654, 0 
t1655, 0 
t1656, 0 
t1657, 0 
t1658, 0 
t1659, 0 
t1660, 0 
t1661, 0 
t1662, 0 
t1663, 0 
t1664, 0 
t1665, 0 
t1666, 0 
t1667, 0 
t1668, 0 
t1669, 0 
t1670, 0 
t1671, 0 
t1672, 0 
t1673, 0 
t1674, 0 
t1675, 0 
t1676, 0 
t1677, 0 
t1678, 0 
t1679, 0 
t1680, 0 
t1681, 0 
t1682, 0 
t1683, 0 
t1684, 0 
t1685, 0 
t1686, 0 
t1687, 0 
t1688, 0 
t1689, 0 
t1690, 0 
t1691, 0 
t1692, 0 
t1693, 0 
t1694, 0 
t1695, 0 
t1696, 0 
t1697, 0 
t1698, 0 
t1699, 0 
t1700, 0 
t1701, 0 
t1702, 0 
t1703, 0 
t1704, 0 
t1705, 0 
t1706, 0 
t1707, 0 
t1708, 0 
t1709, 0 
t1710, 0 
t1711, 0 
t1712, 0 
t1713, 0 
t1714, 0 
t1715, 0 
t1716, 0 
t1717, 0 
t1718, 0 
t1719, 0 
t1720, 0 
t1721, 0 
t1722, 0 
t1723, 0 
t1724, 0 
t1725, 0 
t1726, 0 
t1727, 0 
t1728, 0 
t1729, 0 
t1730, 0 
t1731, 0 
t1732, 0 
t1733, 0 
t1734, 0 
t1735, 0 
t1736, 0 
t1737, 0 
t1738, 0 
t1739, 0 
t1740, 0 
t1741, 0 
t1742, 0 
t1743, 0 
t1744, 0 
t1745, 0 
t1746, 0 
t1747, 0 
t1748, 0 
t1749, 0 
t1750, 0 
t1751, 0 
t1752, 0 
t1753, 0 
t1754, 0 
t1755, 0 
t1756, 0 
t1757, 0 
t1758, 0 
t1759, 0 
t1760, 0 
t1761, 0 
t1762, 0 
t1763, 0 
t1764, 0 
t1765, 0 
t1766, 0 
t1767, 0 
t1768, 0 
t1769, 0 
t1770, 0 
t1771, 0 
t1772, 0 
t1773, 0 
t1774, 0 
t1775, 0 
t1776, 0 
t1777, 0 
t1778, 0 
t1779, 0 
t1780, 0 
t1781, 0 
t1782, 0 
t1783, 0 
t1784, 0 
t1785, 0 
t1786, 0 
t1787, 0 
t1788, 0 
t1789, 0 
t1790, 0 
t1791, 0 
t1792, 0 
t1793, 0 
t1794, 0 
t1795, 0 
t1796, 0 
t1797, 0 
t1798, 0 
t1799, 0 
t1800, 0 
t1801, 0 
t1802, 0 
t1803, 0 
t1804, 0 
t1805, 0 
t1806, 0 
t1807, 0 
t1808, 0 
t1809, 0 
t1810, 0 
t1811, 0 
t1812, 0 
t1813, 0 
t1814, 0 
t1815, 0 
t1816, 0 
t1817, 0 
t1818, 0 
t1819, 0 
t1820, 0 
t1821, 0 
t1822, 0 
t1823, 0 
t1824, 0 
t1825, 0 
t1826, 0 
t1827, 0 
t1828, 0 
t1829, 0 
t1830, 0 
t1831, 0 
t1832, 0 
t1833, 0 
t1834, 0 
t1835, 0 
t1836, 0 
t1837, 0 
t1838, 0 
t1839, 0 
t1840, 0 
t1841, 0 
t1842, 0 
t1843, 0 
t1844, 0 
t1845, 0 
t1846, 0 
t1847, 0 
t1848, 0 
t1849, 0 
t1850, 0 
t1851, 0 
t1852, 0 
t1853, 0 
t1854, 0 
t1855, 0 
t1856, 0 
t1857, 0 
t1858, 0 
t1859, 0 
t1860, 0 
t1861, 0 
t1862, 0 
t1863, 0 
t1864, 0 
t1865, 0 
t1866, 0 
t1867, 0 
t1868, 0 
t1869, 0 
t1870, 0 
t1871, 0 
t1872, 0 
t1873, 0 
t1874, 0 
t1875, 0 
t1876, 0 
t1877, 0 
t1878, 0 
t1879, 0 
t1880, 0 
t1881, 0 
t1882, 0 
t1883, 0 
t1884, 0 
t1885, 0 
t1886, 0 
t1887, 0 
t1888, 0 
t1889, 0 
t1890, 0 
t1891, 0 
t1892, 0 
t1893, 0 
t1894, 0 
t1895, 0 
t1896, 0 
t1897, 0 
t1898, 0 
t1899, 0 
t1900, 0 
t1901, 0 
t1902, 0 
t1903, 0 
t1904, 0 
t1905, 0 
t1906, 0 
t1907, 0 
t1908, 0 
t1909, 0 
t1910, 0 
t1911, 0 
t1912, 0 
t1913, 0 
t1914, 0 
t1915, 0 
t1916, 0 
t1917, 0 
t1918, 0 
t1919, 0 
t1920, 0 
t1921, 0 
t1922, 0 
t1923, 0 
t1924, 0 
t1925, 0 
t1926, 0 
t1927, 0 
t1928, 0 
t1929, 0 
t1930, 0 
t1931, 0 
t1932, 0 
t1933, 0 
t1934, 0 
t1935, 0 
t1936, 0 
t1937, 0 
t1938, 0 
t1939, 0 
t1940, 0 
t1941, 0 
t1942, 0 
t1943, 0 
t1944, 0 
t1945, 0 
t1946, 0 
t1947, 0 
t1948, 0 
t1949, 0 
t1950, 0 
t1951, 0 
t1952, 0 
t1953, 0 
t1954, 0 
t1955, 0 
t1956, 0 
t1957, 0 
t1958, 0 
t1959, 0 
t1960, 0 
t1961, 0 
t1962, 0 
t1963, 0 
t1964, 0 
t1965, 0 
t1966, 0 
t1967, 0 
t1968, 0 
t1969, 0 
t1970, 0 
t1971, 0 
t1972, 0 
t1973, 0 
t1974, 0 
t1975, 0 
t1976, 0 
t1977, 0 
t1978, 0 
t1979, 0 
t1980, 0 
t1981, 0 
t1982, 0 
t1983, 0 
t1984, 0 
t1985, 0 
t1986, 0 
t1987, 0 
t1988, 0 
t1989, 0 
t1990, 0 
t1991, 0 
t1992, 0 
t1993, 0 
t1994, 0 
t1995, 0 
t1996, 0 
t1997, 0 
t1998, 0 
t1999, 0 
t2000, 0 
t2001, 0 
t2002, 0 
t2003, 0 
t2004, 0 
t2005, 0 
t2006, 0 
t2007, 0 
t2008, 0 
t2009, 0 
t2010, 0 
t2011, 0 
t2012, 0 
t2013, 0 
t2014, 0 
t2015, 0 
t2016, 0 
t2017, 0 
t2018, 0 
t2019, 0 
t2020, 0 
t2021, 0 
t2022, 0 
t2023, 0 
t2024, 0 
t2025, 0 
t2026, 0 
t2027, 0 
t2028, 0 
t2029, 0 
t2030, 0 
t2031, 0 
t2032, 0 
t2033, 0 
t2034, 0 
t2035, 0 
t2036, 0 
t2037, 0 
t2038, 0 
t2039, 0 
t2040, 0 
t2041, 0 
t2042, 0 
t2043, 0 
t2044, 0 
t2045, 0 
t2046, 0 
t2047, 0 
t2048, 0 
t2049, 0 
t2050, 0 
t2051, 0 
t2052, 0 
t2053, 0 
t2054, 0 
t2055, 0 
t2056, 0 
t2057, 0 
t2058, 0 
t2059, 0 
t2060, 0 
t2061, 0 
t2062, 0 
t2063, 0 
t2064, 0 
t2065, 0 
t2066, 0 
t2067, 0 
t2068, 0 
t2069, 0 
t2070, 0 
t2071, 0 
t2072, 0 
t2073, 0 
t2074, 0 
t2075, 0 
t2076, 0 
t2077, 0 
t2078, 0 
t2079, 0 
t2080, 0 
t2081, 0 
t2082, 0 
t2083, 0 
t2084, 0 
t2085, 0 
t2086, 0 
t2087, 0 
t2088, 0 
t2089, 0 
t2090, 0 
t2091, 0 
t2092, 0 
t2093, 0 
t2094, 0 
t2095, 0 
t2096, 0 
t2097, 0 
t2098, 0 
t2099, 0 
t2100, 0 
t2101, 0 
t2102, 0 
t2103, 0 
t2104, 0 
t2105, 0 
t2106, 0 
t2107, 0 
t2108, 0 
t2109, 0 
t2110, 0 
t2111, 0 
t2112, 0 
t2113, 0 
t2114, 0 
t2115, 0 
t2116, 0 
t2117, 0 
t2118, 0 
t2119, 0 
t2120, 0 
t2121, 0 
t2122, 0 
t2123, 0 
t2124, 0 
t2125, 0 
t2126, 0 
t2127, 0 
t2128, 0 
t2129, 0 
t2130, 0 
t2131, 0 
t2132, 0 
t2133, 0 
t2134, 0 
t2135, 0 
t2136, 0 
t2137, 0 
t2138, 0 
t2139, 0 
t2140, 0 
t2141, 0 
t2142, 0 
t2143, 0 
t2144, 0 
t2145, 0 
t2146, 0 
t2147, 0 
t2148, 0 
t2149, 0 
t2150, 0 
t2151, 0 
t2152, 0 
t2153, 0 
t2154, 0 
t2155, 0 
t2156, 0 
t2157, 0 
t2158, 0 
t2159, 0 
t2160, 0 
t2161, 0 
t2162, 0 
t2163, 0 
t2164, 0 
t2165, 0 
t2166, 0 
t2167, 0 
t2168, 0 
t2169, 0 
t2170, 0 
t2171, 0 
t2172, 0 
t2173, 0 
t2174, 0 
t2175, 0 
t2176, 0 
t2177, 0 
t2178, 0 
t2179, 0 
t2180, 0 
t2181, 0 
t2182, 0 
t2183, 0 
t2184, 0 
t2185, 0 
t2186, 0 
t2187, 0 
t2188, 0 
t2189, 0 
t2190, 0 
t2191, 0 
t2192, 0 
t2193, 0 
t2194, 0 
t2195, 0 
t2196, 0 
t2197, 0 
t2198, 0 
t2199, 0 
t2200, 0 
t2201, 0 
t2202, 0 
t2203, 0 
t2204, 0 
t2205, 0 
t2206, 0 
t2207, 0 
t2208, 0 
t2209, 0 
t2210, 0 
t2211, 0 
t2212, 0 
t2213, 0 
t2214, 0 
t2215, 0 
t2216, 0 
t2217, 0 
t2218, 0 
t2219, 0 
t2220, 0 
t2221, 0 
t2222, 0 
t2223, 0 
t2224, 0 
t2225, 0 
t2226, 0 
t2227, 0 
t2228, 0 
t2229, 0 
t2230, 0 
t2231, 0 
t2232, 0 
t2233, 0 
t2234, 0 
t2235, 0 
t2236, 0 
t2237, 0 
t2238, 0 
t2239, 0 
t2240, 0 
t2241, 0 
t2242, 0 
t2243, 0 
t2244, 0 
t2245, 0 
t2246, 0 
t2247, 0 
t2248, 0 
t2249, 0 
t2250, 0 
t2251, 0 
t2252, 0 
t2253, 0 
t2254, 0 
t2255, 0 
t2256, 0 
t2257, 0 
t2258, 0 
t2259, 0 
t2260, 0 
t2261, 0 
t2262, 0 
t2263, 0 
t2264, 0 
t2265, 0 
t2266, 0 
t2267, 0 
t2268, 0 
t2269, 0 
t2270, 0 
t2271, 0 
t2272, 0 
t2273, 0 
t2274, 0 
t2275, 0 
t2276, 0 
t2277, 0 
t2278, 0 
t2279, 0 
t2280, 0 
t2281, 0 
t2282, 0 
t2283, 0 
t2284, 0 
t2285, 0 
t2286, 0 
t2287, 0 
t2288, 0 
t2289, 0 
t2290, 0 
t2291, 0 
t2292, 0 
t2293, 0 
t2294, 0 
t2295, 0 
t2296, 0 
t2297, 0 
t2298, 0 
t2299, 0 
t2300, 0 
t2301, 0 
t2302, 0 
t2303, 0 
t2304, 0 
t2305, 0 
t2306, 0 
t2307, 0 
t2308, 0 
t2309, 0 
t2310, 0 
t2311, 0 
t2312, 0 
t2313, 0 
t2314, 0 
t2315, 0 
t2316, 0 
t2317, 0 
t2318, 0 
t2319, 0 
t2320, 0 
t2321, 0 
t2322, 0 
t2323, 0 
t2324, 0 
t2325, 0 
t2326, 0 
t2327, 0 
t2328, 0 
t2329, 0 
t2330, 0 
t2331, 0 
t2332, 0 
t2333, 0 
t2334, 0 
t2335, 0 
t2336, 0 
t2337, 0 
t2338, 0 
t2339, 0 
t2340, 0 
t2341, 0 
t2342, 0 
t2343, 0 
t2344, 0 
t2345, 0 
t2346, 0 
t2347, 0 
t2348, 0 
t2349, 0 
t2350, 0 
t2351, 0 
t2352, 0 
t2353, 0 
t2354, 0 
t2355, 0 
t2356, 0 
t2357, 0 
t2358, 0 
t2359, 0 
t2360, 0 
t2361, 0 
t2362, 0 
t2363, 0 
t2364, 0 
t2365, 0 
t2366, 0 
t2367, 0 
t2368, 0 
t2369, 0 
t2370, 0 
t2371, 0 
t2372, 0 
t2373, 0 
t2374, 0 
t2375, 0 
t2376, 0 
t2377, 0 
t2378, 0 
t2379, 0 
t2380, 0 
t2381, 0 
t2382, 0 
t2383, 0 
t2384, 0 
t2385, 0 
t2386, 0 
t2387, 0 
t2388, 0 
t2389, 0 
t2390, 0 
t2391, 0 
t2392, 0 
t2393, 0 
t2394, 0 
t2395, 0 
t2396, 0 
t2397, 0 
t2398, 0 
t2399, 0 
t2400, 0 
t2401, 0 
t2402, 0 
t2403, 0 
t2404, 0 
t2405, 0 
t2406, 0 
t2407, 0 
t2408, 0 
t2409, 0 
t2410, 0 
t2411, 0 
t2412, 0 
t2413, 0 
t2414, 0 
t2415, 0 
t2416, 0 
t2417, 0 
t2418, 0 
t2419, 0 
t2420, 0 
t2421, 0 
t2422, 0 
t2423, 0 
t2424, 0 
t2425, 0 
t2426, 0 
t2427, 0 
t2428, 0 
t2429, 0 
t2430, 0 
t2431, 0 
t2432, 0 
t2433, 0 
t2434, 0 
t2435, 0 
t2436, 0 
t2437, 0 
t2438, 0 
t2439, 0 
t2440, 0 
t2441, 0 
t2442, 0 
t2443, 0 
t2444, 0 
t2445, 0 
t2446, 0 
t2447, 0 
t2448, 0 
t2449, 0 
t2450, 0 
t2451, 0 
t2452, 0 
t2453, 0 
t2454, 0 
t2455, 0 
t2456, 0 
t2457, 0 
t2458, 0 
t2459, 0 
t2460, 0 
t2461, 0 
t2462, 0 
t2463, 0 
t2464, 0 
t2465, 0 
t2466, 0 
t2467, 0 
t2468, 0 
t2469, 0 
t2470, 0 
t2471, 0 
t2472, 0 
t2473, 0 
t2474, 0 
t2475, 0 
t2476, 0 
t2477, 0 
t2478, 0 
t2479, 0 
t2480, 0 
t2481, 0 
t2482, 0 
t2483, 0 
t2484, 0 
t2485, 0 
t2486, 0 
t2487, 0 
t2488, 0 
t2489, 0 
t2490, 0 
t2491, 0 
t2492, 0 
t2493, 0 
t2494, 0 
t2495, 0 
t2496, 0 
t2497, 0 
t2498, 0 
t2499, 0 
t2500, 0 
t2501, 0 
t2502, 0 
t2503, 0 
t2504, 0 
t2505, 0 
t2506, 0 
t2507, 0 
t2508, 0 
t2509, 0 
t2510, 0 
t2511, 0 
t2512, 0 
t2513, 0 
t2514, 0 
t2515, 0 
t2516, 0 
t2517, 0 
t2518, 0 
t2519, 0 
t2520, 0 
t2521, 0 
t2522, 0 
t2523, 0 
t2524, 0 
t2525, 0 
t2526, 0 
t2527, 0 
t2528, 0 
t2529, 0 
t2530, 0 
t2531, 0 
t2532, 0 
t2533, 0 
t2534, 0 
t2535, 0 
t2536, 0 
t2537, 0 
t2538, 0 
t2539, 0 
t2540, 0 
t2541, 0 
t2542, 0 
t2543, 0 
t2544, 0 
t2545, 0 
t2546, 0 
t2547, 0 
t2548, 0 
t2549, 0 
t2550, 0 
t2551, 0 
t2552, 0 
t2553, 0 
t2554, 0 
t2555, 0 
t2556, 0 
t2557, 0 
t2558, 0 
t2559, 0 
t2560, 0 
t2561, 0 
t2562, 0 
t2563, 0 
t2564, 0 
t2565, 0 
t2566, 0 
t2567, 0 
t2568, 0 
t2569, 0 
t2570, 0 
t2571, 0 
t2572, 0 
t2573, 0 
t2574, 0 
t2575, 0 
t2576, 0 
t2577, 0 
t2578, 0 
t2579, 0 
t2580, 0 
t2581, 0 
t2582, 0 
t2583, 0 
t2584, 0 
t2585, 0 
t2586, 0 
t2587, 0 
t2588, 0 
t2589, 0 
t2590, 0 
t2591, 0 
t2592, 0 
t2593, 0 
t2594, 0 
t2595, 0 
t2596, 0 
t2597, 0 
t2598, 0 
t2599, 0 
t2600, 0 
t2601, 0 
t2602, 0 
t2603, 0 
t2604, 0 
t2605, 0 
t2606, 0 
t2607, 0 
t2608, 0 
t2609, 0 
t2610, 0 
t2611, 0 
t2612, 0 
t2613, 0 
t2614, 0 
t2615, 0 
t2616, 0 
t2617, 0 
t2618, 0 
t2619, 0 
t2620, 0 
t2621, 0 
t2622, 0 
t2623, 0 
t2624, 0 
t2625, 0 
t2626, 0 
t2627, 0 
t2628, 0 
t2629, 0 
t2630, 0 
t2631, 0 
t2632, 0 
t2633, 0 
t2634, 0 
t2635, 0 
t2636, 0 
t2637, 0 
t2638, 0 
t2639, 0 
t2640, 0 
t2641, 0 
t2642, 0 
t2643, 0 
t2644, 0 
t2645, 0 
t2646, 0 
t2647, 0 
t2648, 0 
t2649, 0 
t2650, 0 
t2651, 0 
t2652, 0 
t2653, 0 
t2654, 0 
t2655, 0 
t2656, 0 
t2657, 0 
t2658, 0 
t2659, 0 
t2660, 0 
t2661, 0 
t2662, 0 
t2663, 0 
t2664, 0 
t2665, 0 
t2666, 0 
t2667, 0 
t2668, 0 
t2669, 0 
t2670, 0 
t2671, 0 
t2672, 0 
t2673, 0 
t2674, 0 
t2675, 0 
t2676, 0 
t2677, 0 
t2678, 0 
t2679, 0 
t2680, 0 
t2681, 0 
t2682, 0 
t2683, 0 
t2684, 0 
t2685, 0 
t2686, 0 
t2687, 0 
t2688, 0 
t2689, 0 
t2690, 0 
t2691, 0 
t2692, 0 
t2693, 0 
t2694, 0 
t2695, 0 
t2696, 0 
t2697, 0 
t2698, 0 
t2699, 0 
t2700, 0 
t2701, 0 
t2702, 0 
t2703, 0 
t2704, 0 
t2705, 0 
t2706, 0 
t2707, 0 
t2708, 0 
t2709, 0 
t2710, 0 
t2711, 0 
t2712, 0 
t2713, 0 
t2714, 0 
t2715, 0 
t2716, 0 
t2717, 0 
t2718, 0 
t2719, 0 
t2720, 0 
t2721, 0 
t2722, 0 
t2723, 0 
t2724, 0 
t2725, 0 
t2726, 0 
t2727, 0 
t2728, 0 
t2729, 0 
t2730, 0 
t2731, 0 
t2732, 0 
t2733, 0 
t2734, 0 
t2735, 0 
t2736, 0 
t2737, 0 
t2738, 0 
t2739, 0 
t2740, 0 
t2741, 0 
t2742, 0 
t2743, 0 
t2744, 0 
t2745, 0 
t2746, 0 
t2747, 0 
t2748, 0 
t2749, 0 
t2750, 0 
t2751, 0 
t2752, 0 
t2753, 0 
t2754, 0 
t2755, 0 
t2756, 0 
t2757, 0 
t2758, 0 
t2759, 0 
t2760, 0 
t2761, 0 
t2762, 0 
t2763, 0 
t2764, 0 
t2765, 0 
t2766, 0 
t2767, 0 
t2768, 0 
t2769, 0 
t2770, 0 
t2771, 0 
t2772, 0 
t2773, 0 
t2774, 0 
t2775, 0 
t2776, 0 
t2777, 0 
t2778, 0 
t2779, 0 
t2780, 0 
t2781, 0 
t2782, 0 
t2783, 0 
t2784, 0 
t2785, 0 
t2786, 0 
t2787, 0 
t2788, 0 
t2789, 0 
t2790, 0 
t2791, 0 
t2792, 0 
t2793, 0 
t2794, 0 
t2795, 0 
t2796, 0 
t2797, 0 
t2798, 0 
t2799, 0 
t2800, 0 
t2801, 0 
t2802, 0 
t2803, 0 
t2804, 0 
t2805, 0 
t2806, 0 
t2807, 0 
t2808, 0 
t2809, 0 
t2810, 0 
t2811, 0 
t2812, 0 
t2813, 0 
t2814, 0 
t2815, 0 
t2816, 0 
t2817, 0 
t2818, 0 
t2819, 0 
t2820, 0 
t2821, 0 
t2822, 0 
t2823, 0 
t2824, 0 
t2825, 0 
t2826, 0 
t2827, 0 
t2828, 0 
t2829, 0 
t2830, 0 
t2831, 0 
t2832, 0 
t2833, 0 
t2834, 0 
t2835, 0 
t2836, 0 
t2837, 0 
t2838, 0 
t2839, 0 
t2840, 0 
t2841, 0 
t2842, 0 
t2843, 0 
t2844, 0 
t2845, 0 
t2846, 0 
t2847, 0 
t2848, 0 
t2849, 0 
t2850, 0 
t2851, 0 
t2852, 0 
t2853, 0 
t2854, 0 
t2855, 0 
t2856, 0 
t2857, 0 
t2858, 0 
t2859, 0 
t2860, 0 
t2861, 0 
t2862, 0 
t2863, 0 
t2864, 0 
t2865, 0 
t2866, 0 
t2867, 0 
t2868, 0 
t2869, 0 
t2870, 0 
t2871, 0 
t2872, 0 
t2873, 0 
t2874, 0 
t2875, 0 
t2876, 0 
t2877, 0 
t2878, 0 
t2879, 0 
t2880, 0 
t2881, 0 
t2882, 0 
t2883, 0 
t2884, 0 
t2885, 0 
t2886, 0 
t2887, 0 
t2888, 0 
t2889, 0 
t2890, 0 
t2891, 0 
t2892, 0 
t2893, 0 
t2894, 0 
t2895, 0 
t2896, 0 
t2897, 0 
t2898, 0 
t2899, 0 
t2900, 0 
t2901, 0 
t2902, 0 
t2903, 0 
t2904, 0 
t2905, 0 
t2906, 0 
t2907, 0 
t2908, 0 
t2909, 0 
t2910, 0 
t2911, 0 
t2912, 0 
t2913, 0 
t2914, 0 
t2915, 0 
t2916, 0 
t2917, 0 
t2918, 0 
t2919, 0 
t2920, 0 
t2921, 0 
t2922, 0 
t2923, 0 
t2924, 0 
t2925, 0 
t2926, 0 
t2927, 0 
t2928, 0 
t2929, 0 
t2930, 0 
t2931, 0 
t2932, 0 
t2933, 0 
t2934, 0 
t2935, 0 
t2936, 0 
t2937, 0 
t2938, 0 
t2939, 0 
t2940, 0 
t2941, 0 
t2942, 0 
t2943, 0 
t2944, 0 
t2945, 0 
t2946, 0 
t2947, 0 
t2948, 0 
t2949, 0 
t2950, 0 
t2951, 0 
t2952, 0 
t2953, 0 
t2954, 0 
t2955, 0 
t2956, 0 
t2957, 0 
t2958, 0 
t2959, 0 
t2960, 0 
t2961, 0 
t2962, 0 
t2963, 0 
t2964, 0 
t2965, 0 
t2966, 0 
t2967, 0 
t2968, 0 
t2969, 0 
t2970, 0 
t2971, 0 
t2972, 0 
t2973, 0 
t2974, 0 
t2975, 0 
t2976, 0 
t2977, 0 
t2978, 0 
t2979, 0 
t2980, 0 
t2981, 0 
t2982, 0 
t2983, 0 
t2984, 0 
t2985, 0 
t2986, 0 
t2987, 0 
t2988, 0 
t2989, 0 
t2990, 0 
t2991, 0 
t2992, 0 
t2993, 0 
t2994, 0 
t2995, 0 
t2996, 0 
t2997, 0 
t2998, 0 
t2999, 0 
t3000, 0 
t3001, 0 
t3002, 0 
t3003, 0 
t3004, 0 
t3005, 0 
t3006, 0 
t3007, 0 
t3008, 0 
t3009, 0 
t3010, 0 
t3011, 0 
t3012, 0 
t3013, 0 
t3014, 0 
t3015, 0 
t3016, 0 
t3017, 0 
t3018, 0 
t3019, 0 
t3020, 0 
t3021, 0 
t3022, 0 
t3023, 0 
t3024, 0 
t3025, 0 
t3026, 0 
t3027, 0 
t3028, 0 
t3029, 0 
t3030, 0 
t3031, 0 
t3032, 0 
t3033, 0 
t3034, 0 
t3035, 0 
t3036, 0 
t3037, 0 
t3038, 0 
t3039, 0 
t3040, 0 
t3041, 0 
t3042, 0 
t3043, 0 
t3044, 0 
t3045, 0 
t3046, 0 
t3047, 0 
t3048, 0 
t3049, 0 
t3050, 0 
t3051, 0 
t3052, 0 
t3053, 0 
t3054, 0 
t3055, 0 
t3056, 0 
t3057, 0 
t3058, 0 
t3059, 0 
t3060, 0 
t3061, 0 
t3062, 0 
t3063, 0 
t3064, 0 
t3065, 0 
t3066, 0 
t3067, 0 
t3068, 0 
t3069, 0 
t3070, 0 
t3071, 0 
t3072, 0 
t3073, 0 
t3074, 0 
t3075, 0 
t3076, 0 
t3077, 0 
t3078, 0 
t3079, 0 
t3080, 0 
t3081, 0 
t3082, 0 
t3083, 0 
t3084, 0 
t3085, 0 
t3086, 0 
t3087, 0 
t3088, 0 
t3089, 0 
t3090, 0 
t3091, 0 
t3092, 0 
t3093, 0 
t3094, 0 
t3095, 0 
t3096, 0 
t3097, 0 
t3098, 0 
t3099, 0 
t3100, 0 
t3101, 0 
t3102, 0 
t3103, 0 
t3104, 0 
t3105, 0 
t3106, 0 
t3107, 0 
t3108, 0 
t3109, 0 
t3110, 0 
t3111, 0 
t3112, 0 
t3113, 0 
t3114, 0 
t3115, 0 
t3116, 0 
t3117, 0 
t3118, 0 
t3119, 0 
t3120, 0 
t3121, 0 
t3122, 0 
t3123, 0 
t3124, 0 
t3125, 0 
t3126, 0 
t3127, 0 
t3128, 0 
t3129, 0 
t3130, 0 
t3131, 0 
t3132, 0 
t3133, 0 
t3134, 0 
t3135, 0 
t3136, 0 
t3137, 0 
t3138, 0 
t3139, 0 
t3140, 0 
t3141, 0 
t3142, 0 
t3143, 0 
t3144, 0 
t3145, 0 
t3146, 0 
t3147, 0 
t3148, 0 
t3149, 0 
t3150, 0 
t3151, 0 
t3152, 0 
t3153, 0 
t3154, 0 
t3155, 0 
t3156, 0 
t3157, 0 
t3158, 0 
t3159, 0 
t3160, 0 
t3161, 0 
t3162, 0 
t3163, 0 
t3164, 0 
t3165, 0 
t3166, 0 
t3167, 0 
t3168, 0 
t3169, 0 
t3170, 0 
t3171, 0 
t3172, 0 
t3173, 0 
t3174, 0 
t3175, 0 
t3176, 0 
t3177, 0 
t3178, 0 
t3179, 0 
t3180, 0 
t3181, 0 
t3182, 0 
t3183, 0 
t3184, 0 
t3185, 0 
t3186, 0 
t3187, 0 
t3188, 0 
t3189, 0 
t3190, 0 
t3191, 0 
t3192, 0 
t3193, 0 
t3194, 0 
t3195, 0 
t3196, 0 
t3197, 0 
t3198, 0 
t3199, 0 
t3200, 0 
t3201, 0 
t3202, 0 
t3203, 0 
t3204, 0 
t3205, 0 
t3206, 0 
t3207, 0 
t3208, 0 
t3209, 0 
t3210, 0 
t3211, 0 
t3212, 0 
t3213, 0 
t3214, 0 
t3215, 0 
t3216, 0 
t3217, 0 
t3218, 0 
t3219, 0 
t3220, 0 
t3221, 0 
t3222, 0 
t3223, 0 
t3224, 0 
t3225, 0 
t3226, 0 
t3227, 0 
t3228, 0 
t3229, 0 
t3230, 0 
t3231, 0 
t3232, 0 
t3233, 0 
t3234, 0 
t3235, 0 
t3236, 0 
t3237, 0 
t3238, 0 
t3239, 0 
t3240, 0 
t3241, 0 
t3242, 0 
t3243, 0 
t3244, 0 
t3245, 0 
t3246, 0 
t3247, 0 
t3248, 0 
t3249, 0 
t3250, 0 
t3251, 0 
t3252, 0 
t3253, 0 
t3254, 0 
t3255, 0 
t3256, 0 
t3257, 0 
t3258, 0 
t3259, 0 
t3260, 0 
t3261, 0 
t3262, 0 
t3263, 0 
t3264, 0 
t3265, 0 
t3266, 0 
t3267, 0 
t3268, 0 
t3269, 0 
t3270, 0 
t3271, 0 
t3272, 0 
t3273, 0 
t3274, 0 
t3275, 0 
t3276, 0 
t3277, 0 
t3278, 0 
t3279, 0 
t3280, 0 
t3281, 0 
t3282, 0 
t3283, 0 
t3284, 0 
t3285, 0 
t3286, 0 
t3287, 0 
t3288, 0 
t3289, 0 
t3290, 0 
t3291, 0 
t3292, 0 
t3293, 0 
t3294, 0 
t3295, 0 
t3296, 0 
t3297, 0 
t3298, 0 
t3299, 0 
t3300, 0 
t3301, 0 
t3302, 0 
t3303, 0 
t3304, 0 
t3305, 0 
t3306, 0 
t3307, 0 
t3308, 0 
t3309, 0 
t3310, 0 
t3311, 0 
t3312, 0 
t3313, 0 
t3314, 0 
t3315, 0 
t3316, 0 
t3317, 0 
t3318, 0 
t3319, 0 
t3320, 0 
t3321, 0 
t3322, 0 
t3323, 0 
t3324, 0 
t3325, 0 
t3326, 0 
t3327, 0 
t3328, 0 
t3329, 0 
t3330, 0 
t3331, 0 
t3332, 0 
t3333, 0 
t3334, 0 
t3335, 0 
t3336, 0 
t3337, 0 
t3338, 0 
t3339, 0 
t3340, 0 
t3341, 0 
t3342, 0 
t3343, 0 
t3344, 0 
t3345, 0 
t3346, 0 
t3347, 0 
t3348, 0 
t3349, 0 
t3350, 0 
t3351, 0 
t3352, 0 
t3353, 0 
t3354, 0 
t3355, 0 
t3356, 0 
t3357, 0 
t3358, 0 
t3359, 0 
t3360, 0 
t3361, 0 
t3362, 0 
t3363, 0 
t3364, 0 
t3365, 0 
t3366, 0 
t3367, 0 
t3368, 0 
t3369, 0 
t3370, 0 
t3371, 0 
t3372, 0 
t3373, 0 
t3374, 0 
t3375, 0 
t3376, 0 
t3377, 0 
t3378, 0 
t3379, 0 
t3380, 0 
t3381, 0 
t3382, 0 
t3383, 0 
t3384, 0 
t3385, 0 
t3386, 0 
t3387, 0 
t3388, 0 
t3389, 0 
t3390, 0 
t3391, 0 
t3392, 0 
t3393, 0 
t3394, 0 
t3395, 0 
t3396, 0 
t3397, 0 
t3398, 0 
t3399, 0 
t3400, 0 
t3401, 0 
t3402, 0 
t3403, 0 
t3404, 0 
t3405, 0 
t3406, 0 
t3407, 0 
t3408, 0 
t3409, 0 
t3410, 0 
t3411, 0 
t3412, 0 
t3413, 0 
t3414, 0 
t3415, 0 
t3416, 0 
t3417, 0 
t3418, 0 
t3419, 0 
t3420, 0 
t3421, 0 
t3422, 0 
t3423, 0 
t3424, 0 
t3425, 0 
t3426, 0 
t3427, 0 
t3428, 0 
t3429, 0 
t3430, 0 
t3431, 0 
t3432, 0 
t3433, 0 
t3434, 0 
t3435, 0 
t3436, 0 
t3437, 0 
t3438, 0 
t3439, 0 
t3440, 0 
t3441, 0 
t3442, 0 
t3443, 0 
t3444, 0 
t3445, 0 
t3446, 0 
t3447, 0 
t3448, 0 
t3449, 0 
t3450, 0 
t3451, 0 
t3452, 0 
t3453, 0 
t3454, 0 
t3455, 0 
t3456, 0 
t3457, 0 
t3458, 0 
t3459, 0 
t3460, 0 
t3461, 0 
t3462, 0 
t3463, 0 
t3464, 0 
t3465, 0 
t3466, 0 
t3467, 0 
t3468, 0 
t3469, 0 
t3470, 0 
t3471, 0 
t3472, 0 
t3473, 0 
t3474, 0 
t3475, 0 
t3476, 0 
t3477, 0 
t3478, 0 
t3479, 0 
t3480, 0 
t3481, 0 
t3482, 0 
t3483, 0 
t3484, 0 
t3485, 0 
t3486, 0 
t3487, 0 
t3488, 0 
t3489, 0 
t3490, 0 
t3491, 0 
t3492, 0 
t3493, 0 
t3494, 0 
t3495, 0 
t3496, 0 
t3497, 0 
t3498, 0 
t3499, 0 
t3500, 0 
t3501, 0 
t3502, 0 
t3503, 0 
t3504, 0 
t3505, 0 
t3506, 0 
t3507, 0 
t3508, 0 
t3509, 0 
t3510, 0 
t3511, 0 
t3512, 0 
t3513, 0 
t3514, 0 
t3515, 0 
t3516, 0 
t3517, 0 
t3518, 0 
t3519, 0 
t3520, 0 
t3521, 0 
t3522, 0 
t3523, 0 
t3524, 0 
t3525, 0 
t3526, 0 
t3527, 0 
t3528, 0 
t3529, 0 
t3530, 0 
t3531, 0 
t3532, 0 
t3533, 0 
t3534, 0 
t3535, 0 
t3536, 0 
t3537, 0 
t3538, 0 
t3539, 0 
t3540, 0 
t3541, 0 
t3542, 0 
t3543, 0 
t3544, 0 
t3545, 0 
t3546, 0 
t3547, 0 
t3548, 0 
t3549, 0 
t3550, 0 
t3551, 0 
t3552, 0 
t3553, 0 
t3554, 0 
t3555, 0 
t3556, 0 
t3557, 0 
t3558, 0 
t3559, 0 
t3560, 0 
t3561, 0 
t3562, 0 
t3563, 0 
t3564, 0 
t3565, 0 
t3566, 0 
t3567, 0 
t3568, 0 
t3569, 0 
t3570, 0 
t3571, 0 
t3572, 0 
t3573, 0 
t3574, 0 
t3575, 0 
t3576, 0 
t3577, 0 
t3578, 0 
t3579, 0 
t3580, 0 
t3581, 0 
t3582, 0 
t3583, 0 
t3584, 0 
t3585, 0 
t3586, 0 
t3587, 0 
t3588, 0 
t3589, 0 
t3590, 0 
t3591, 0 
t3592, 0 
t3593, 0 
t3594, 0 
t3595, 0 
t3596, 0 
t3597, 0 
t3598, 0 
t3599, 0 
t3600, 0 
t3601, 0 
t3602, 0 
t3603, 0 
t3604, 0 
t3605, 0 
t3606, 0 
t3607, 0 
t3608, 0 
t3609, 0 
t3610, 0 
t3611, 0 
t3612, 0 
t3613, 0 
t3614, 0 
t3615, 0 
t3616, 0 
t3617, 0 
t3618, 0 
t3619, 0 
t3620, 0 
t3621, 0 
t3622, 0 
t3623, 0 
t3624, 0 
t3625, 0 
t3626, 0 
t3627, 0 
t3628, 0 
t3629, 0 
t3630, 0 
t3631, 0 
t3632, 0 
t3633, 0 
t3634, 0 
t3635, 0 
t3636, 0 
t3637, 0 
t3638, 0 
t3639, 0 
t3640, 0 
t3641, 0 
t3642, 0 
t3643, 0 
t3644, 0 
t3645, 0 
t3646, 0 
t3647, 0 
t3648, 0 
t3649, 0 
t3650, 0 
t3651, 0 
t3652, 0 
t3653, 0 
t3654, 0 
t3655, 0 
t3656, 0 
t3657, 0 
t3658, 0 
t3659, 0 
t3660, 0 
t3661, 0 
t3662, 0 
t3663, 0 
t3664, 0 
t3665, 0 
t3666, 0 
t3667, 0 
t3668, 0 
t3669, 0 
t3670, 0 
t3671, 0 
t3672, 0 
t3673, 0 
t3674, 0 
t3675, 0 
t3676, 0 
t3677, 0 
t3678, 0 
t3679, 0 
t3680, 0 
t3681, 0 
t3682, 0 
t3683, 0 
t3684, 0 
t3685, 0 
t3686, 0 
t3687, 0 
t3688, 0 
t3689, 0 
t3690, 0 
t3691, 0 
t3692, 0 
t3693, 0 
t3694, 0 
t3695, 0 
t3696, 0 
t3697, 0 
t3698, 0 
t3699, 0 
t3700, 0 
t3701, 0 
t3702, 0 
t3703, 0 
t3704, 0 
t3705, 0 
t3706, 0 
t3707, 0 
t3708, 0 
t3709, 0 
t3710, 0 
t3711, 0 
t3712, 0 
t3713, 0 
t3714, 0 
t3715, 0 
t3716, 0 
t3717, 0 
t3718, 0 
t3719, 0 
t3720, 0 
t3721, 0 
t3722, 0 
t3723, 0 
t3724, 0 
t3725, 0 
t3726, 0 
t3727, 0 
t3728, 0 
t3729, 0 
t3730, 0 
t3731, 0 
t3732, 0 
t3733, 0 
t3734, 0 
t3735, 0 
t3736, 0 
t3737, 0 
t3738, 0 
t3739, 0 
t3740, 0 
t3741, 0 
t3742, 0 
t3743, 0 
t3744, 0 
t3745, 0 
t3746, 0 
t3747, 0 
t3748, 0 
t3749, 0 
t3750, 0 
t3751, 0 
t3752, 0 
t3753, 0 
t3754, 0 
t3755, 0 
t3756, 0 
t3757, 0 
t3758, 0 
t3759, 0 
t3760, 0 
t3761, 0 
t3762, 0 
t3763, 0 
t3764, 0 
t3765, 0 
t3766, 0 
t3767, 0 
t3768, 0 
t3769, 0 
t3770, 0 
t3771, 0 
t3772, 0 
t3773, 0 
t3774, 0 
t3775, 0 
t3776, 0 
t3777, 0 
t3778, 0 
t3779, 0 
t3780, 0 
t3781, 0 
t3782, 0 
t3783, 0 
t3784, 0 
t3785, 0 
t3786, 0 
t3787, 0 
t3788, 0 
t3789, 0 
t3790, 0 
t3791, 0 
t3792, 0 
t3793, 0 
t3794, 0 
t3795, 0 
t3796, 0 
t3797, 0 
t3798, 0 
t3799, 0 
t3800, 0 
t3801, 0 
t3802, 0 
t3803, 0 
t3804, 0 
t3805, 0 
t3806, 0 
t3807, 0 
t3808, 0 
t3809, 0 
t3810, 0 
t3811, 0 
t3812, 0 
t3813, 0 
t3814, 0 
t3815, 0 
t3816, 0 
t3817, 0 
t3818, 0 
t3819, 0 
t3820, 0 
t3821, 0 
t3822, 0 
t3823, 0 
t3824, 0 
t3825, 0 
t3826, 0 
t3827, 0 
t3828, 0 
t3829, 0 
t3830, 0 
t3831, 0 
t3832, 0 
t3833, 0 
t3834, 0 
t3835, 0 
t3836, 0 
t3837, 0 
t3838, 0 
t3839, 0 
t3840, 0 
t3841, 0 
t3842, 0 
t3843, 0 
t3844, 0 
t3845, 0 
t3846, 0 
t3847, 0 
t3848, 0 
t3849, 0 
t3850, 0 
t3851, 0 
t3852, 0 
t3853, 0 
t3854, 0 
t3855, 0 
t3856, 0 
t3857, 0 
t3858, 0 
t3859, 0 
t3860, 0 
t3861, 0 
t3862, 0 
t3863, 0 
t3864, 0 
t3865, 0 
t3866, 0 
t3867, 0 
t3868, 0 
t3869, 0 
t3870, 0 
t3871, 0 
t3872, 0 
t3873, 0 
t3874, 0 
t3875, 0 
t3876, 0 
t3877, 0 
t3878, 0 
t3879, 0 
t3880, 0 
t3881, 0 
t3882, 0 
t3883, 0 
t3884, 0 
t3885, 0 
t3886, 0 
t3887, 0 
t3888, 0 
t3889, 0 
t3890, 0 
t3891, 0 
t3892, 0 
t3893, 0 
t3894, 0 
t3895, 0 
t3896, 0 
t3897, 0 
t3898, 0 
t3899, 0 
t3900, 0 
t3901, 0 
t3902, 0 
t3903, 0 
t3904, 0 
t3905, 0 
t3906, 0 
t3907, 0 
t3908, 0 
t3909, 0 
t3910, 0 
t3911, 0 
t3912, 0 
t3913, 0 
t3914, 0 
t3915, 0 
t3916, 0 
t3917, 0 
t3918, 0 
t3919, 0 
t3920, 0 
t3921, 0 
t3922, 0 
t3923, 0 
t3924, 0 
t3925, 0 
t3926, 0 
t3927, 0 
t3928, 0 
t3929, 0 
t3930, 0 
t3931, 0 
t3932, 0 
t3933, 0 
t3934, 0 
t3935, 0 
t3936, 0 
t3937, 0 
t3938, 0 
t3939, 0 
t3940, 0 
t3941, 0 
t3942, 0 
t3943, 0 
t3944, 0 
t3945, 0 
t3946, 0 
t3947, 0 
t3948, 0 
t3949, 0 
t3950, 0 
t3951, 0 
t3952, 0 
t3953, 0 
t3954, 0 
t3955, 0 
t3956, 0 
t3957, 0 
t3958, 0 
t3959, 0 
t3960, 0 
t3961, 0 
t3962, 0 
t3963, 0 
t3964, 0 
t3965, 0 
t3966, 0 
t3967, 0 
t3968, 0 
t3969, 0 
t3970, 0 
t3971, 0 
t3972, 0 
t3973, 0 
t3974, 0 
t3975, 0 
t3976, 0 
t3977, 0 
t3978, 0 
t3979, 0 
t3980, 0 
t3981, 0 
t3982, 0 
t3983, 0 
t3984, 0 
t3985, 0 
t3986, 0 
t3987, 0 
t3988, 0 
t3989, 0 
t3990, 0 
t3991, 0 
t3992, 0 
t3993, 0 
t3994, 0 
t3995, 0 
t3996, 0 
t3997, 0 
t3998, 0 
t3999, 0 
t4000, 0 
t4001, 0 
t4002, 0 
t4003, 0 
t4004, 0 
t4005, 0 
t4006, 0 
t4007, 0 
t4008, 0 
t4009, 0 
t4010, 0 
t4011, 0 
t4012, 0 
t4013, 0 
t4014, 0 
t4015, 0 
t4016, 0 
t4017, 0 
t4018, 0 
t4019, 0 
t4020, 0 
t4021, 0 
t4022, 0 
t4023, 0 
t4024, 0 
t4025, 0 
t4026, 0 
t4027, 0 
t4028, 0 
t4029, 0 
t4030, 0 
t4031, 0 
t4032, 0 
t4033, 0 
t4034, 0 
t4035, 0 
t4036, 0 
t4037, 0 
t4038, 0 
t4039, 0 
t4040, 0 
t4041, 0 
t4042, 0 
t4043, 0 
t4044, 0 
t4045, 0 
t4046, 0 
t4047, 0 
t4048, 0 
t4049, 0 
t4050, 0 
t4051, 0 
t4052, 0 
t4053, 0 
t4054, 0 
t4055, 0 
t4056, 0 
t4057, 0 
t4058, 0 
t4059, 0 
t4060, 0 
t4061, 0 
t4062, 0 
t4063, 0 
t4064, 0 
t4065, 0 
t4066, 0 
t4067, 0 
t4068, 0 
t4069, 0 
t4070, 0 
t4071, 0 
t4072, 0 
t4073, 0 
t4074, 0 
t4075, 0 
t4076, 0 
t4077, 0 
t4078, 0 
t4079, 0 
t4080, 0 
t4081, 0 
t4082, 0 
t4083, 0 
t4084, 0 
t4085, 0 
t4086, 0 
t4087, 0 
t4088, 0 
t4089, 0 
t4090, 0 
t4091, 0 
t4092, 0 
t4093, 0 
t4094, 0 
t4095, 0 
t4096, 0 
t4097, 0 
t4098, 0 
t4099, 0 
t4100, 0 
t4101, 0 
t4102, 0 
t4103, 0 
t4104, 0 
t4105, 0 
t4106, 0 
t4107, 0 
t4108, 0 
t4109, 0 
t4110, 0 
t4111, 0 
t4112, 0 
t4113, 0 
t4114, 0 
t4115, 0 
t4116, 0 
t4117, 0 
t4118, 0 
t4119, 0 
t4120, 0 
t4121, 0 
t4122, 0 
t4123, 0 
t4124, 0 
t4125, 0 
t4126, 0 
t4127, 0 
t4128, 0 
t4129, 0 
t4130, 0 
t4131, 0 
t4132, 0 
t4133, 0 
t4134, 0 
t4135, 0 
t4136, 0 
t4137, 0 
t4138, 0 
t4139, 0 
t4140, 0 
t4141, 0 
t4142, 0 
t4143, 0 
t4144, 0 
t4145, 0 
t4146, 0 
t4147, 0 
t4148, 0 
t4149, 0 
t4150, 0 
t4151, 0 
t4152, 0 
t4153, 0 
t4154, 0 
t4155, 0 
t4156, 0 
t4157, 0 
t4158, 0 
t4159, 0 
t4160, 0 
t4161, 0 
t4162, 0 
t4163, 0 
t4164, 0 
t4165, 0 
t4166, 0 
t4167, 0 
t4168, 0 
t4169, 0 
t4170, 0 
t4171, 0 
t4172, 0 
t4173, 0 
t4174, 0 
t4175, 0 
t4176, 0 
t4177, 0 
t4178, 0 
t4179, 0 
t4180, 0 
t4181, 0 
t4182, 0 
t4183, 0 
t4184, 0 
t4185, 0 
t4186, 0 
t4187, 0 
t4188, 0 
t4189, 0 
t4190, 0 
t4191, 0 
t4192, 0 
t4193, 0 
t4194, 0 
t4195, 0 
t4196, 0 
t4197, 0 
t4198, 0 
t4199, 0 
t4200, 0 
t4201, 0 
t4202, 0 
t4203, 0 
t4204, 0 
t4205, 0 
t4206, 0 
t4207, 0 
t4208, 0 
t4209, 0 
t4210, 0 
t4211, 0 
t4212, 0 
t4213, 0 
t4214, 0 
t4215, 0 
t4216, 0 
t4217, 0 
t4218, 0 
t4219, 0 
t4220, 0 
t4221, 0 
t4222, 0 
t4223, 0 
t4224, 0 
t4225, 0 
t4226, 0 
t4227, 0 
t4228, 0 
t4229, 0 
t4230, 0 
t4231, 0 
t4232, 0 
t4233, 0 
t4234, 0 
t4235, 0 
t4236, 0 
t4237, 0 
t4238, 0 
t4239, 0 
t4240, 0 
t4241, 0 
t4242, 0 
t4243, 0 
t4244, 0 
t4245, 0 
t4246, 0 
t4247, 0 
t4248, 0 
t4249, 0 
t4250, 0 
t4251, 0 
t4252, 0 
t4253, 0 
t4254, 0 
t4255, 0 
t4256, 0 
t4257, 0 
t4258, 0 
t4259, 0 
t4260, 0 
t4261, 0 
t4262, 0 
t4263, 0 
t4264, 0 
t4265, 0 
t4266, 0 
t4267, 0 
t4268, 0 
t4269, 0 
t4270, 0 
t4271, 0 
t4272, 0 
t4273, 0 
t4274, 0 
t4275, 0 
t4276, 0 
t4277, 0 
t4278, 0 
t4279, 0 
t4280, 0 
t4281, 0 
t4282, 0 
t4283, 0 
t4284, 0 
t4285, 0 
t4286, 0 
t4287, 0 
t4288, 0 
t4289, 0 
t4290, 0 
t4291, 0 
t4292, 0 
t4293, 0 
t4294, 0 
t4295, 0 
t4296, 0 
t4297, 0 
t4298, 0 
t4299, 0 
t4300, 0 
t4301, 0 
t4302, 0 
t4303, 0 
t4304, 0 
t4305, 0 
t4306, 0 
t4307, 0 
t4308, 0 
t4309, 0 
t4310, 0 
t4311, 0 
t4312, 0 
t4313, 0 
t4314, 0 
t4315, 0 
t4316, 0 
t4317, 0 
t4318, 0 
t4319, 0 
t4320, 0 
t4321, 0 
t4322, 0 
t4323, 0 
t4324, 0 
t4325, 0 
t4326, 0 
t4327, 0 
t4328, 0 
t4329, 0 
t4330, 0 
t4331, 0 
t4332, 0 
t4333, 0 
t4334, 0 
t4335, 0 
t4336, 0 
t4337, 0 
t4338, 0 
t4339, 0 
t4340, 0 
t4341, 0 
t4342, 0 
t4343, 0 
t4344, 0 
t4345, 0 
t4346, 0 
t4347, 0 
t4348, 0 
t4349, 0 
t4350, 0 
t4351, 0 
t4352, 0 
t4353, 0 
t4354, 0 
t4355, 0 
t4356, 0 
t4357, 0 
t4358, 0 
t4359, 0 
t4360, 0 
t4361, 0 
t4362, 0 
t4363, 0 
t4364, 0 
t4365, 0 
t4366, 0 
t4367, 0 
t4368, 0 
t4369, 0 
t4370, 0 
t4371, 0 
t4372, 0 
t4373, 0 
t4374, 0 
t4375, 0 
t4376, 0 
t4377, 0 
t4378, 0 
t4379, 0 
t4380, 0 
t4381, 0 
t4382, 0 
t4383, 0 
t4384, 0 
t4385, 0 
t4386, 0 
t4387, 0 
t4388, 0 
t4389, 0 
t4390, 0 
t4391, 0 
t4392, 0 
t4393, 0 
t4394, 0 
t4395, 0 
t4396, 0 
t4397, 0 
t4398, 0 
t4399, 0 
t4400, 0 
t4401, 0 
t4402, 0 
t4403, 0 
t4404, 0 
t4405, 0 
t4406, 0 
t4407, 0 
t4408, 0 
t4409, 0 
t4410, 0 
t4411, 0 
t4412, 0 
t4413, 0 
t4414, 0 
t4415, 0 
t4416, 0 
t4417, 0 
t4418, 0 
t4419, 0 
t4420, 0 
t4421, 0 
t4422, 0 
t4423, 0 
t4424, 0 
t4425, 0 
t4426, 0 
t4427, 0 
t4428, 0 
t4429, 0 
t4430, 0 
t4431, 0 
t4432, 0 
t4433, 0 
t4434, 0 
t4435, 0 
t4436, 0 
t4437, 0 
t4438, 0 
t4439, 0 
t4440, 0 
t4441, 0 
t4442, 0 
t4443, 0 
t4444, 0 
t4445, 0 
t4446, 0 
t4447, 0 
t4448, 0 
t4449, 0 
t4450, 0 
t4451, 0 
t4452, 0 
t4453, 0 
t4454, 0 
t4455, 0 
t4456, 0 
t4457, 0 
t4458, 0 
t4459, 0 
t4460, 0 
t4461, 0 
t4462, 0 
t4463, 0 
t4464, 0 
t4465, 0 
t4466, 0 
t4467, 0 
t4468, 0 
t4469, 0 
t4470, 0 
t4471, 0 
t4472, 0 
t4473, 0 
t4474, 0 
t4475, 0 
t4476, 0 
t4477, 0 
t4478, 0 
t4479, 0 
t4480, 0 
t4481, 0 
t4482, 0 
t4483, 0 
t4484, 0 
t4485, 0 
t4486, 0 
t4487, 0 
t4488, 0 
t4489, 0 
t4490, 0 
t4491, 0 
t4492, 0 
t4493, 0 
t4494, 0 
t4495, 0 
t4496, 0 
t4497, 0 
t4498, 0 
t4499, 0 
t4500, 0 
t4501, 0 
t4502, 0 
t4503, 0 
t4504, 0 
t4505, 0 
t4506, 0 
t4507, 0 
t4508, 0 
t4509, 0 
t4510, 0 
t4511, 0 
t4512, 0 
t4513, 0 
t4514, 0 
t4515, 0 
t4516, 0 
t4517, 0 
t4518, 0 
t4519, 0 
t4520, 0 
t4521, 0 
t4522, 0 
t4523, 0 
t4524, 0 
t4525, 0 
t4526, 0 
t4527, 0 
t4528, 0 
t4529, 0 
t4530, 0 
t4531, 0 
t4532, 0 
t4533, 0 
t4534, 0 
t4535, 0 
t4536, 0 
t4537, 0 
t4538, 0 
t4539, 0 
t4540, 0 
t4541, 0 
t4542, 0 
t4543, 0 
t4544, 0 
t4545, 0 
t4546, 0 
t4547, 0 
t4548, 0 
t4549, 0 
t4550, 0 
t4551, 0 
t4552, 0 
t4553, 0 
t4554, 0 
t4555, 0 
t4556, 0 
t4557, 0 
t4558, 0 
t4559, 0 
t4560, 0 
t4561, 0 
t4562, 0 
t4563, 0 
t4564, 0 
t4565, 0 
t4566, 0 
t4567, 0 
t4568, 0 
t4569, 0 
t4570, 0 
t4571, 0 
t4572, 0 
t4573, 0 
t4574, 0 
t4575, 0 
t4576, 0 
t4577, 0 
t4578, 0 
t4579, 0 
t4580, 0 
t4581, 0 
t4582, 0 
t4583, 0 
t4584, 0 
t4585, 0 
t4586, 0 
t4587, 0 
t4588, 0 
t4589, 0 
t4590, 0 
t4591, 0 
t4592, 0 
t4593, 0 
t4594, 0 
t4595, 0 
t4596, 0 
t4597, 0 
t4598, 0 
t4599, 0 
t4600, 0 
t4601, 0 
t4602, 0 
t4603, 0 
t4604, 0 
t4605, 0 
t4606, 0 
t4607, 0 
t4608, 0 
t4609, 0 
t4610, 0 
t4611, 0 
t4612, 0 
t4613, 0 
t4614, 0 
t4615, 0 
t4616, 0 
t4617, 0 
t4618, 0 
t4619, 0 
t4620, 0 
t4621, 0 
t4622, 0 
t4623, 0 
t4624, 0 
t4625, 0 
t4626, 0 
t4627, 0 
t4628, 0 
t4629, 0 
t4630, 0 
t4631, 0 
t4632, 0 
t4633, 0 
t4634, 0 
t4635, 0 
t4636, 0 
t4637, 0 
t4638, 0 
t4639, 0 
t4640, 0 
t4641, 0 
t4642, 0 
t4643, 0 
t4644, 0 
t4645, 0 
t4646, 0 
t4647, 0 
t4648, 0 
t4649, 0 
t4650, 0 
t4651, 0 
t4652, 0 
t4653, 0 
t4654, 0 
t4655, 0 
t4656, 0 
t4657, 0 
t4658, 0 
t4659, 0 
t4660, 0 
t4661, 0 
t4662, 0 
t4663, 0 
t4664, 0 
t4665, 0 
t4666, 0 
t4667, 0 
t4668, 0 
t4669, 0 
t4670, 0 
t4671, 0 
t4672, 0 
t4673, 0 
t4674, 0 
t4675, 0 
t4676, 0 
t4677, 0 
t4678, 0 
t4679, 0 
t4680, 0 
t4681, 0 
t4682, 0 
t4683, 0 
t4684, 0 
t4685, 0 
t4686, 0 
t4687, 0 
t4688, 0 
t4689, 0 
t4690, 0 
t4691, 0 
t4692, 0 
t4693, 0 
t4694, 0 
t4695, 0 
t4696, 0 
t4697, 0 
t4698, 0 
t4699, 0 
t4700, 0 
t4701, 0 
t4702, 0 
t4703, 0 
t4704, 0 
t4705, 0 
t4706, 0 
t4707, 0 
t4708, 0 
t4709, 0 
t4710, 0 
t4711, 0 
t4712, 0 
t4713, 0 
t4714, 0 
t4715, 0 
t4716, 0 
t4717, 0 
t4718, 0 
t4719, 0 
t4720, 0 
t4721, 0 
t4722, 0 
t4723, 0 
t4724, 0 
t4725, 0 
t4726, 0 
t4727, 0 
t4728, 0 
t4729, 0 
t4730, 0 
t4731, 0 
t4732, 0 
t4733, 0 
t4734, 0 
t4735, 0 
t4736, 0 
t4737, 0 
t4738, 0 
t4739, 0 
t4740, 0 
t4741, 0 
t4742, 0 
t4743, 0 
t4744, 0 
t4745, 0 
t4746, 0 
t4747, 0 
t4748, 0 
t4749, 0 
t4750, 0 
t4751, 0 
t4752, 0 
t4753, 0 
t4754, 0 
t4755, 0 
t4756, 0 
t4757, 0 
t4758, 0 
t4759, 0 
t4760, 0 
t4761, 0 
t4762, 0 
t4763, 0 
t4764, 0 
t4765, 0 
t4766, 0 
t4767, 0 
t4768, 0 
t4769, 0 
t4770, 0 
t4771, 0 
t4772, 0 
t4773, 0 
t4774, 0 
t4775, 0 
t4776, 0 
t4777, 0 
t4778, 0 
t4779, 0 
t4780, 0 
t4781, 0 
t4782, 0 
t4783, 0 
t4784, 0 
t4785, 0 
t4786, 0 
t4787, 0 
t4788, 0 
t4789, 0 
t4790, 0 
t4791, 0 
t4792, 0 
t4793, 0 
t4794, 0 
t4795, 0 
t4796, 0 
t4797, 0 
t4798, 0 
t4799, 0 
t4800, 0 
t4801, 0 
t4802, 0 
t4803, 0 
t4804, 0 
t4805, 0 
t4806, 0 
t4807, 0 
t4808, 0 
t4809, 0 
t4810, 0 
t4811, 0 
t4812, 0 
t4813, 0 
t4814, 0 
t4815, 0 
t4816, 0 
t4817, 0 
t4818, 0 
t4819, 0 
t4820, 0 
t4821, 0 
t4822, 0 
t4823, 0 
t4824, 0 
t4825, 0 
t4826, 0 
t4827, 0 
t4828, 0 
t4829, 0 
t4830, 0 
t4831, 0 
t4832, 0 
t4833, 0 
t4834, 0 
t4835, 0 
t4836, 0 
t4837, 0 
t4838, 0 
t4839, 0 
t4840, 0 
t4841, 0 
t4842, 0 
t4843, 0 
t4844, 0 
t4845, 0 
t4846, 0 
t4847, 0 
t4848, 0 
t4849, 0 
t4850, 0 
t4851, 0 
t4852, 0 
t4853, 0 
t4854, 0 
t4855, 0 
t4856, 0 
t4857, 0 
t4858, 0 
t4859, 0 
t4860, 0 
t4861, 0 
t4862, 0 
t4863, 0 
t4864, 0 
t4865, 0 
t4866, 0 
t4867, 0 
t4868, 0 
t4869, 0 
t4870, 0 
t4871, 0 
t4872, 0 
t4873, 0 
t4874, 0 
t4875, 0 
t4876, 0 
t4877, 0 
t4878, 0 
t4879, 0 
t4880, 0 
t4881, 0 
t4882, 0 
t4883, 0 
t4884, 0 
t4885, 0 
t4886, 0 
t4887, 0 
t4888, 0 
t4889, 0 
t4890, 0 
t4891, 0 
t4892, 0 
t4893, 0 
t4894, 0 
t4895, 0 
t4896, 0 
t4897, 0 
t4898, 0 
t4899, 0 
t4900, 0 
t4901, 0 
t4902, 0 
t4903, 0 
t4904, 0 
t4905, 0 
t4906, 0 
t4907, 0 
t4908, 0 
t4909, 0 
t4910, 0 
t4911, 0 
t4912, 0 
t4913, 0 
t4914, 0 
t4915, 0 
t4916, 0 
t4917, 0 
t4918, 0 
t4919, 0 
t4920, 0 
t4921, 0 
t4922, 0 
t4923, 0 
t4924, 0 
t4925, 0 
t4926, 0 
t4927, 0 
t4928, 0 
t4929, 0 
t4930, 0 
t4931, 0 
t4932, 0 
t4933, 0 
t4934, 0 
t4935, 0 
t4936, 0 
t4937, 0 
t4938, 0 
t4939, 0 
t4940, 0 
t4941, 0 
t4942, 0 
t4943, 0 
t4944, 0 
t4945, 0 
t4946, 0 
t4947, 0 
t4948, 0 
t4949, 0 
t4950, 0 
t4951, 0 
t4952, 0 
t4953, 0 
t4954, 0 
t4955, 0 
t4956, 0 
t4957, 0 
t4958, 0 
t4959, 0 
t4960, 0 
t4961, 0 
t4962, 0 
t4963, 0 
t4964, 0 
t4965, 0 
t4966, 0 
t4967, 0 
t4968, 0 
t4969, 0 
t4970, 0 
t4971, 0 
t4972, 0 
t4973, 0 
t4974, 0 
t4975, 0 
t4976, 0 
t4977, 0 
t4978, 0 
t4979, 0 
t4980, 0 
t4981, 0 
t4982, 0 
t4983, 0 
t4984, 0 
t4985, 0 
t4986, 0 
t4987, 0 
t4988, 0 
t4989, 0 
t4990, 0 
t4991, 0 
t4992, 0 
t4993, 0 
t4994, 0 
t4995, 0 
t4996, 0 
t4997, 0 
t4998, 0 
t4999, 0 
t5000, 0 
t5001, 0 
t5002, 0 
t5003, 0 
t5004, 0 
t5005, 0 
t5006, 0 
t5007, 0 
t5008, 0 
t5009, 0 
t5010, 0 
t5011, 0 
t5012, 0 
t5013, 0 
t5014, 0 
t5015, 0 
t5016, 0 
t5017, 0 
t5018, 0 
t5019, 0 
t5020, 0 
t5021, 0 
t5022, 0 
t5023, 0 
t5024, 0 
t5025, 0 
t5026, 0 
t5027, 0 
t5028, 0 
t5029, 0 
t5030, 0 
t5031, 0 
t5032, 0 
t5033, 0 
t5034, 0 
t5035, 0 
t5036, 0 
t5037, 0 
t5038, 0 
t5039, 0 
t5040, 0 
t5041, 0 
t5042, 0 
t5043, 0 
t5044, 0 
t5045, 0 
t5046, 0 
t5047, 0 
t5048, 0 
t5049, 0 
t5050, 0 
t5051, 0 
t5052, 0 
t5053, 0 
t5054, 0 
t5055, 0 
t5056, 0 
t5057, 0 
t5058, 0 
t5059, 0 
t5060, 0 
t5061, 0 
t5062, 0 
t5063, 0 
t5064, 0 
t5065, 0 
t5066, 0 
t5067, 0 
t5068, 0 
t5069, 0 
t5070, 0 
t5071, 0 
t5072, 0 
t5073, 0 
t5074, 0 
t5075, 0 
t5076, 0 
t5077, 0 
t5078, 0 
t5079, 0 
t5080, 0 
t5081, 0 
t5082, 0 
t5083, 0 
t5084, 0 
t5085, 0 
t5086, 0 
t5087, 0 
t5088, 0 
t5089, 0 
t5090, 0 
t5091, 0 
t5092, 0 
t5093, 0 
t5094, 0 
t5095, 0 
t5096, 0 
t5097, 0 
t5098, 0 
t5099, 0 
t5100, 0 
t5101, 0 
t5102, 0 
t5103, 0 
t5104, 0 
t5105, 0 
t5106, 0 
t5107, 0 
t5108, 0 
t5109, 0 
t5110, 0 
t5111, 0 
t5112, 0 
t5113, 0 
t5114, 0 
t5115, 0 
t5116, 0 
t5117, 0 
t5118, 0 
t5119, 0 
t5120, 0 
t5121, 0 
t5122, 0 
t5123, 0 
t5124, 0 
t5125, 0 
t5126, 0 
t5127, 0 
t5128, 0 
t5129, 0 
t5130, 0 
t5131, 0 
t5132, 0 
t5133, 0 
t5134, 0 
t5135, 0 
t5136, 0 
t5137, 0 
t5138, 0 
t5139, 0 
t5140, 0 
t5141, 0 
t5142, 0 
t5143, 0 
t5144, 0 
t5145, 0 
t5146, 0 
t5147, 0 
t5148, 0 
t5149, 0 
t5150, 0 
t5151, 0 
t5152, 0 
t5153, 0 
t5154, 0 
t5155, 0 
t5156, 0 
t5157, 0 
t5158, 0 
t5159, 0 
t5160, 0 
t5161, 0 
t5162, 0 
t5163, 0 
t5164, 0 
t5165, 0 
t5166, 0 
t5167, 0 
t5168, 0 
t5169, 0 
t5170, 0 
t5171, 0 
t5172, 0 
t5173, 0 
t5174, 0 
t5175, 0 
t5176, 0 
t5177, 0 
t5178, 0 
t5179, 0 
t5180, 0 
t5181, 0 
t5182, 0 
t5183, 0 
t5184, 0 
t5185, 0 
t5186, 0 
t5187, 0 
t5188, 0 
t5189, 0 
t5190, 0 
t5191, 0 
t5192, 0 
t5193, 0 
t5194, 0 
t5195, 0 
t5196, 0 
t5197, 0 
t5198, 0 
t5199, 0 
t5200, 0 
t5201, 0 
t5202, 0 
t5203, 0 
t5204, 0 
t5205, 0 
t5206, 0 
t5207, 0 
t5208, 0 
t5209, 0 
t5210, 0 
t5211, 0 
t5212, 0 
t5213, 0 
t5214, 0 
t5215, 0 
t5216, 0 
t5217, 0 
t5218, 0 
t5219, 0 
t5220, 0 
t5221, 0 
t5222, 0 
t5223, 0 
t5224, 0 
t5225, 0 
t5226, 0 
t5227, 0 
t5228, 0 
t5229, 0 
t5230, 0 
t5231, 0 
t5232, 0 
t5233, 0 
t5234, 0 
t5235, 0 
t5236, 0 
t5237, 0 
t5238, 0 
t5239, 0 
t5240, 0 
t5241, 0 
t5242, 0 
t5243, 0 
t5244, 0 
t5245, 0 
t5246, 0 
t5247, 0 
t5248, 0 
t5249, 0 
t5250, 0 
t5251, 0 
t5252, 0 
t5253, 0 
t5254, 0 
t5255, 0 
t5256, 0 
t5257, 0 
t5258, 0 
t5259, 0 
t5260, 0 
t5261, 0 
t5262, 0 
t5263, 0 
t5264, 0 
t5265, 0 
t5266, 0 
t5267, 0 
t5268, 0 
t5269, 0 
t5270, 0 
t5271, 0 
t5272, 0 
t5273, 0 
t5274, 0 
t5275, 0 
t5276, 0 
t5277, 0 
t5278, 0 
t5279, 0 
t5280, 0 
t5281, 0 
t5282, 0 
t5283, 0 
t5284, 0 
t5285, 0 
t5286, 0 
t5287, 0 
t5288, 0 
t5289, 0 
t5290, 0 
t5291, 0 
t5292, 0 
t5293, 0 
t5294, 0 
t5295, 0 
t5296, 0 
t5297, 0 
t5298, 0 
t5299, 0 
t5300, 0 
t5301, 0 
t5302, 0 
t5303, 0 
t5304, 0 
t5305, 0 
t5306, 0 
t5307, 0 
t5308, 0 
t5309, 0 
t5310, 0 
t5311, 0 
t5312, 0 
t5313, 0 
t5314, 0 
t5315, 0 
t5316, 0 
t5317, 0 
t5318, 0 
t5319, 0 
t5320, 0 
t5321, 0 
t5322, 0 
t5323, 0 
t5324, 0 
t5325, 0 
t5326, 0 
t5327, 0 
t5328, 0 
t5329, 0 
t5330, 0 
t5331, 0 
t5332, 0 
t5333, 0 
t5334, 0 
t5335, 0 
t5336, 0 
t5337, 0 
t5338, 0 
t5339, 0 
t5340, 0 
t5341, 0 
t5342, 0 
t5343, 0 
t5344, 0 
t5345, 0 
t5346, 0 
t5347, 0 
t5348, 0 
t5349, 0 
t5350, 0 
t5351, 0 
t5352, 0 
t5353, 0 
t5354, 0 
t5355, 0 
t5356, 0 
t5357, 0 
t5358, 0 
t5359, 0 
t5360, 0 
t5361, 0 
t5362, 0 
t5363, 0 
t5364, 0 
t5365, 0 
t5366, 0 
t5367, 0 
t5368, 0 
t5369, 0 
t5370, 0 
t5371, 0 
t5372, 0 
t5373, 0 
t5374, 0 
t5375, 0 
t5376, 0 
t5377, 0 
t5378, 0 
t5379, 0 
t5380, 0 
t5381, 0 
t5382, 0 
t5383, 0 
t5384, 0 
t5385, 0 
t5386, 0 
t5387, 0 
t5388, 0 
t5389, 0 
t5390, 0 
t5391, 0 
t5392, 0 
t5393, 0 
t5394, 0 
t5395, 0 
t5396, 0 
t5397, 0 
t5398, 0 
t5399, 0 
t5400, 0 
t5401, 0 
t5402, 0 
t5403, 0 
t5404, 0 
t5405, 0 
t5406, 0 
t5407, 0 
t5408, 0 
t5409, 0 
t5410, 0 
t5411, 0 
t5412, 0 
t5413, 0 
t5414, 0 
t5415, 0 
t5416, 0 
t5417, 0 
t5418, 0 
t5419, 0 
t5420, 0 
t5421, 0 
t5422, 0 
t5423, 0 
t5424, 0 
t5425, 0 
t5426, 0 
t5427, 0 
t5428, 0 
t5429, 0 
t5430, 0 
t5431, 0 
t5432, 0 
t5433, 0 
t5434, 0 
t5435, 0 
t5436, 0 
t5437, 0 
t5438, 0 
t5439, 0 
t5440, 0 
t5441, 0 
t5442, 0 
t5443, 0 
t5444, 0 
t5445, 0 
t5446, 0 
t5447, 0 
t5448, 0 
t5449, 0 
t5450, 0 
t5451, 0 
t5452, 0 
t5453, 0 
t5454, 0 
t5455, 0 
t5456, 0 
t5457, 0 
t5458, 0 
t5459, 0 
t5460, 0 
t5461, 0 
t5462, 0 
t5463, 0 
t5464, 0 
t5465, 0 
t5466, 0 
t5467, 0 
t5468, 0 
t5469, 0 
t5470, 0 
t5471, 0 
t5472, 0 
t5473, 0 
t5474, 0 
t5475, 0 
t5476, 0 
t5477, 0 
t5478, 0 
t5479, 0 
t5480, 0 
t5481, 0 
t5482, 0 
t5483, 0 
t5484, 0 
t5485, 0 
t5486, 0 
t5487, 0 
t5488, 0 
t5489, 0 
t5490, 0 
t5491, 0 
t5492, 0 
t5493, 0 
t5494, 0 
t5495, 0 
t5496, 0 
t5497, 0 
t5498, 0 
t5499, 0 
t5500, 0 
t5501, 0 
t5502, 0 
t5503, 0 
t5504, 0 
t5505, 0 
t5506, 0 
t5507, 0 
t5508, 0 
t5509, 0 
t5510, 0 
t5511, 0 
t5512, 0 
t5513, 0 
t5514, 0 
t5515, 0 
t5516, 0 
t5517, 0 
t5518, 0 
t5519, 0 
t5520, 0 
t5521, 0 
t5522, 0 
t5523, 0 
t5524, 0 
t5525, 0 
t5526, 0 
t5527, 0 
t5528, 0 
t5529, 0 
t5530, 0 
t5531, 0 
t5532, 0 
t5533, 0 
t5534, 0 
t5535, 0 
t5536, 0 
t5537, 0 
t5538, 0 
t5539, 0 
t5540, 0 
t5541, 0 
t5542, 0 
t5543, 0 
t5544, 0 
t5545, 0 
t5546, 0 
t5547, 0 
t5548, 0 
t5549, 0 
t5550, 0 
t5551, 0 
t5552, 0 
t5553, 0 
t5554, 0 
t5555, 0 
t5556, 0 
t5557, 0 
t5558, 0 
t5559, 0 
t5560, 0 
t5561, 0 
t5562, 0 
t5563, 0 
t5564, 0 
t5565, 0 
t5566, 0 
t5567, 0 
t5568, 0 
t5569, 0 
t5570, 0 
t5571, 0 
t5572, 0 
t5573, 0 
t5574, 0 
t5575, 0 
t5576, 0 
t5577, 0 
t5578, 0 
t5579, 0 
t5580, 0 
t5581, 0 
t5582, 0 
t5583, 0 
t5584, 0 
t5585, 0 
t5586, 0 
t5587, 0 
t5588, 0 
t5589, 0 
t5590, 0 
t5591, 0 
t5592, 0 
t5593, 0 
t5594, 0 
t5595, 0 
t5596, 0 
t5597, 0 
t5598, 0 
t5599, 0 
t5600, 0 
t5601, 0 
t5602, 0 
t5603, 0 
t5604, 0 
t5605, 0 
t5606, 0 
t5607, 0 
t5608, 0 
t5609, 0 
t5610, 0 
t5611, 0 
t5612, 0 
t5613, 0 
t5614, 0 
t5615, 0 
t5616, 0 
t5617, 0 
t5618, 0 
t5619, 0 
t5620, 0 
t5621, 0 
t5622, 0 
t5623, 0 
t5624, 0 
t5625, 0 
t5626, 0 
t5627, 0 
t5628, 0 
t5629, 0 
t5630, 0 
t5631, 0 
t5632, 0 
t5633, 0 
t5634, 0 
t5635, 0 
t5636, 0 
t5637, 0 
t5638, 0 
t5639, 0 
t5640, 0 
t5641, 0 
t5642, 0 
t5643, 0 
t5644, 0 
t5645, 0 
t5646, 0 
t5647, 0 
t5648, 0 
t5649, 0 
t5650, 0 
t5651, 0 
t5652, 0 
t5653, 0 
t5654, 0 
t5655, 0 
t5656, 0 
t5657, 0 
t5658, 0 
t5659, 0 
t5660, 0 
t5661, 0 
t5662, 0 
t5663, 0 
t5664, 0 
t5665, 0 
t5666, 0 
t5667, 0 
t5668, 0 
t5669, 0 
t5670, 0 
t5671, 0 
t5672, 0 
t5673, 0 
t5674, 0 
t5675, 0 
t5676, 0 
t5677, 0 
t5678, 0 
t5679, 0 
t5680, 0 
t5681, 0 
t5682, 0 
t5683, 0 
t5684, 0 
t5685, 0 
t5686, 0 
t5687, 0 
t5688, 0 
t5689, 0 
t5690, 0 
t5691, 0 
t5692, 0 
t5693, 0 
t5694, 0 
t5695, 0 
t5696, 0 
t5697, 0 
t5698, 0 
t5699, 0 
t5700, 0 
t5701, 0 
t5702, 0 
t5703, 0 
t5704, 0 
t5705, 0 
t5706, 0 
t5707, 0 
t5708, 0 
t5709, 0 
t5710, 0 
t5711, 0 
t5712, 0 
t5713, 0 
t5714, 0 
t5715, 0 
t5716, 0 
t5717, 0 
t5718, 0 
t5719, 0 
t5720, 0 
t5721, 0 
t5722, 0 
t5723, 0 
t5724, 0 
t5725, 0 
t5726, 0 
t5727, 0 
t5728, 0 
t5729, 0 
t5730, 0 
t5731, 0 
t5732, 0 
t5733, 0 
t5734, 0 
t5735, 0 
t5736, 0 
t5737, 0 
t5738, 0 
t5739, 0 
t5740, 0 
t5741, 0 
t5742, 0 
t5743, 0 
t5744, 0 
t5745, 0 
t5746, 0 
t5747, 0 
t5748, 0 
t5749, 0 
t5750, 0 
t5751, 0 
t5752, 0 
t5753, 0 
t5754, 0 
t5755, 0 
t5756, 0 
t5757, 0 
t5758, 0 
t5759, 0 
t5760, 0 
t5761, 0 
t5762, 0 
t5763, 0 
t5764, 0 
t5765, 0 
t5766, 0 
t5767, 0 
t5768, 0 
t5769, 0 
t5770, 0 
t5771, 0 
t5772, 0 
t5773, 0 
t5774, 0 
t5775, 0 
t5776, 0 
t5777, 0 
t5778, 0 
t5779, 0 
t5780, 0 
t5781, 0 
t5782, 0 
t5783, 0 
t5784, 0 
t5785, 0 
t5786, 0 
t5787, 0 
t5788, 0 
t5789, 0 
t5790, 0 
t5791, 0 
t5792, 0 
t5793, 0 
t5794, 0 
t5795, 0 
t5796, 0 
t5797, 0 
t5798, 0 
t5799, 0 
t5800, 0 
t5801, 0 
t5802, 0 
t5803, 0 
t5804, 0 
t5805, 0 
t5806, 0 
t5807, 0 
t5808, 0 
t5809, 0 
t5810, 0 
t5811, 0 
t5812, 0 
t5813, 0 
t5814, 0 
t5815, 0 
t5816, 0 
t5817, 0 
t5818, 0 
t5819, 0 
t5820, 0 
t5821, 0 
t5822, 0 
t5823, 0 
t5824, 0 
t5825, 0 
t5826, 0 
t5827, 0 
t5828, 0 
t5829, 0 
t5830, 0 
t5831, 0 
t5832, 0 
t5833, 0 
t5834, 0 
t5835, 0 
t5836, 0 
t5837, 0 
t5838, 0 
t5839, 0 
t5840, 0 
t5841, 0 
t5842, 0 
t5843, 0 
t5844, 0 
t5845, 0 
t5846, 0 
t5847, 0 
t5848, 0 
t5849, 0 
t5850, 0 
t5851, 0 
t5852, 0 
t5853, 0 
t5854, 0 
t5855, 0 
t5856, 0 
t5857, 0 
t5858, 0 
t5859, 0 
t5860, 0 
t5861, 0 
t5862, 0 
t5863, 0 
t5864, 0 
t5865, 0 
t5866, 0 
t5867, 0 
t5868, 0 
t5869, 0 
t5870, 0 
t5871, 0 
t5872, 0 
t5873, 0 
t5874, 0 
t5875, 0 
t5876, 0 
t5877, 0 
t5878, 0 
t5879, 0 
t5880, 0 
t5881, 0 
t5882, 0 
t5883, 0 
t5884, 0 
t5885, 0 
t5886, 0 
t5887, 0 
t5888, 0 
t5889, 0 
t5890, 0 
t5891, 0 
t5892, 0 
t5893, 0 
t5894, 0 
t5895, 0 
t5896, 0 
t5897, 0 
t5898, 0 
t5899, 0 
t5900, 0 
t5901, 0 
t5902, 0 
t5903, 0 
t5904, 0 
t5905, 0 
t5906, 0 
t5907, 0 
t5908, 0 
t5909, 0 
t5910, 0 
t5911, 0 
t5912, 0 
t5913, 0 
t5914, 0 
t5915, 0 
t5916, 0 
t5917, 0 
t5918, 0 
t5919, 0 
t5920, 0 
t5921, 0 
t5922, 0 
t5923, 0 
t5924, 0 
t5925, 0 
t5926, 0 
t5927, 0 
t5928, 0 
t5929, 0 
t5930, 0 
t5931, 0 
t5932, 0 
t5933, 0 
t5934, 0 
t5935, 0 
t5936, 0 
t5937, 0 
t5938, 0 
t5939, 0 
t5940, 0 
t5941, 0 
t5942, 0 
t5943, 0 
t5944, 0 
t5945, 0 
t5946, 0 
t5947, 0 
t5948, 0 
t5949, 0 
t5950, 0 
t5951, 0 
t5952, 0 
t5953, 0 
t5954, 0 
t5955, 0 
t5956, 0 
t5957, 0 
t5958, 0 
t5959, 0 
t5960, 0 
t5961, 0 
t5962, 0 
t5963, 0 
t5964, 0 
t5965, 0 
t5966, 0 
t5967, 0 
t5968, 0 
t5969, 0 
t5970, 0 
t5971, 0 
t5972, 0 
t5973, 0 
t5974, 0 
t5975, 0 
t5976, 0 
t5977, 0 
t5978, 0 
t5979, 0 
t5980, 0 
t5981, 0 
t5982, 0 
t5983, 0 
t5984, 0 
t5985, 0 
t5986, 0 
t5987, 0 
t5988, 0 
t5989, 0 
t5990, 0 
t5991, 0 
t5992, 0 
t5993, 0 
t5994, 0 
t5995, 0 
t5996, 0 
t5997, 0 
t5998, 0 
t5999, 0 
t6000, 0 
t6001, 0 
t6002, 0 
t6003, 0 
t6004, 0 
t6005, 0 
t6006, 0 
t6007, 0 
t6008, 0 
t6009, 0 
t6010, 0 
t6011, 0 
t6012, 0 
t6013, 0 
t6014, 0 
t6015, 0 
t6016, 0 
t6017, 0 
t6018, 0 
t6019, 0 
t6020, 0 
t6021, 0 
t6022, 0 
t6023, 0 
t6024, 0 
t6025, 0 
t6026, 0 
t6027, 0 
t6028, 0 
t6029, 0 
t6030, 0 
t6031, 0 
t6032, 0 
t6033, 0 
t6034, 0 
t6035, 0 
t6036, 0 
t6037, 0 
t6038, 0 
t6039, 0 
t6040, 0 
t6041, 0 
t6042, 0 
t6043, 0 
t6044, 0 
t6045, 0 
t6046, 0 
t6047, 0 
t6048, 0 
t6049, 0 
t6050, 0 
t6051, 0 
t6052, 0 
t6053, 0 
t6054, 0 
t6055, 0 
t6056, 0 
t6057, 0 
t6058, 0 
t6059, 0 
t6060, 0 
t6061, 0 
t6062, 0 
t6063, 0 
t6064, 0 
t6065, 0 
t6066, 0 
t6067, 0 
t6068, 0 
t6069, 0 
t6070, 0 
t6071, 0 
t6072, 0 
t6073, 0 
t6074, 0 
t6075, 0 
t6076, 0 
t6077, 0 
t6078, 0 
t6079, 0 
t6080, 0 
t6081, 0 
t6082, 0 
t6083, 0 
t6084, 0 
t6085, 0 
t6086, 0 
t6087, 0 
t6088, 0 
t6089, 0 
t6090, 0 
t6091, 0 
t6092, 0 
t6093, 0 
t6094, 0 
t6095, 0 
t6096, 0 
t6097, 0 
t6098, 0 
t6099, 0 
t6100, 0 
t6101, 0 
t6102, 0 
t6103, 0 
t6104, 0 
t6105, 0 
t6106, 0 
t6107, 0 
t6108, 0 
t6109, 0 
t6110, 0 
t6111, 0 
t6112, 0 
t6113, 0 
t6114, 0 
t6115, 0 
t6116, 0 
t6117, 0 
t6118, 0 
t6119, 0 
t6120, 0 
t6121, 0 
t6122, 0 
t6123, 0 
t6124, 0 
t6125, 0 
t6126, 0 
t6127, 0 
t6128, 0 
t6129, 0 
t6130, 0 
t6131, 0 
t6132, 0 
t6133, 0 
t6134, 0 
t6135, 0 
t6136, 0 
t6137, 0 
t6138, 0 
t6139, 0 
t6140, 0 
t6141, 0 
t6142, 0 
t6143, 0 
t6144, 0 
t6145, 0 
t6146, 0 
t6147, 0 
t6148, 0 
t6149, 0 
t6150, 0 
t6151, 0 
t6152, 0 
t6153, 0 
t6154, 0 
t6155, 0 
t6156, 0 
t6157, 0 
t6158, 0 
t6159, 0 
t6160, 0 
t6161, 0 
t6162, 0 
t6163, 0 
t6164, 0 
t6165, 0 
t6166, 0 
t6167, 0 
t6168, 0 
t6169, 0 
t6170, 0 
t6171, 0 
t6172, 0 
t6173, 0 
t6174, 0 
t6175, 0 
t6176, 0 
t6177, 0 
t6178, 0 
t6179, 0 
t6180, 0 
t6181, 0 
t6182, 0 
t6183, 0 
t6184, 0 
t6185, 0 
t6186, 0 
t6187, 0 
t6188, 0 
t6189, 0 
t6190, 0 
t6191, 0 
t6192, 0 
t6193, 0 
t6194, 0 
t6195, 0 
t6196, 0 
t6197, 0 
t6198, 0 
t6199, 0 
t6200, 0 
t6201, 0 
t6202, 0 
t6203, 0 
t6204, 0 
t6205, 0 
t6206, 0 
t6207, 0 
t6208, 0 
t6209, 0 
t6210, 0 
t6211, 0 
t6212, 0 
t6213, 0 
t6214, 0 
t6215, 0 
t6216, 0 
t6217, 0 
t6218, 0 
t6219, 0 
t6220, 0 
t6221, 0 
t6222, 0 
t6223, 0 
t6224, 0 
t6225, 0 
t6226, 0 
t6227, 0 
t6228, 0 
t6229, 0 
t6230, 0 
t6231, 0 
t6232, 0 
t6233, 0 
t6234, 0 
t6235, 0 
t6236, 0 
t6237, 0 
t6238, 0 
t6239, 0 
t6240, 0 
t6241, 0 
t6242, 0 
t6243, 0 
t6244, 0 
t6245, 0 
t6246, 0 
t6247, 0 
t6248, 0 
t6249, 0 
t6250, 0 
t6251, 0 
t6252, 0 
t6253, 0 
t6254, 0 
t6255, 0 
t6256, 0 
t6257, 0 
t6258, 0 
t6259, 0 
t6260, 0 
t6261, 0 
t6262, 0 
t6263, 0 
t6264, 0 
t6265, 0 
t6266, 0 
t6267, 0 
t6268, 0 
t6269, 0 
t6270, 0 
t6271, 0 
t6272, 0 
t6273, 0 
t6274, 0 
t6275, 0 
t6276, 0 
t6277, 0 
t6278, 0 
t6279, 0 
t6280, 0 
t6281, 0 
t6282, 0 
t6283, 0 
t6284, 0 
t6285, 0 
t6286, 0 
t6287, 0 
t6288, 0 
t6289, 0 
t6290, 0 
t6291, 0 
t6292, 0 
t6293, 0 
t6294, 0 
t6295, 0 
t6296, 0 
t6297, 0 
t6298, 0 
t6299, 0 
t6300, 0 
t6301, 0 
t6302, 0 
t6303, 0 
t6304, 0 
t6305, 0 
t6306, 0 
t6307, 0 
t6308, 0 
t6309, 0 
t6310, 0 
t6311, 0 
t6312, 0 
t6313, 0 
t6314, 0 
t6315, 0 
t6316, 0 
t6317, 0 
t6318, 0 
t6319, 0 
t6320, 0 
t6321, 0 
t6322, 0 
t6323, 0 
t6324, 0 
t6325, 0 
t6326, 0 
t6327, 0 
t6328, 0 
t6329, 0 
t6330, 0 
t6331, 0 
t6332, 0 
t6333, 0 
t6334, 0 
t6335, 0 
t6336, 0 
t6337, 0 
t6338, 0 
t6339, 0 
t6340, 0 
t6341, 0 
t6342, 0 
t6343, 0 
t6344, 0 
t6345, 0 
t6346, 0 
t6347, 0 
t6348, 0 
t6349, 0 
t6350, 0 
t6351, 0 
t6352, 0 
t6353, 0 
t6354, 0 
t6355, 0 
t6356, 0 
t6357, 0 
t6358, 0 
t6359, 0 
t6360, 0 
t6361, 0 
t6362, 0 
t6363, 0 
t6364, 0 
t6365, 0 
t6366, 0 
t6367, 0 
t6368, 0 
t6369, 0 
t6370, 0 
t6371, 0 
t6372, 0 
t6373, 0 
t6374, 0 
t6375, 0 
t6376, 0 
t6377, 0 
t6378, 0 
t6379, 0 
t6380, 0 
t6381, 0 
t6382, 0 
t6383, 0 
t6384, 0 
t6385, 0 
t6386, 0 
t6387, 0 
t6388, 0 
t6389, 0 
t6390, 0 
t6391, 0 
t6392, 0 
t6393, 0 
t6394, 0 
t6395, 0 
t6396, 0 
t6397, 0 
t6398, 0 
t6399, 0 
t6400, 0 
t6401, 0 
t6402, 0 
t6403, 0 
t6404, 0 
t6405, 0 
t6406, 0 
t6407, 0 
t6408, 0 
t6409, 0 
t6410, 0 
t6411, 0 
t6412, 0 
t6413, 0 
t6414, 0 
t6415, 0 
t6416, 0 
t6417, 0 
t6418, 0 
t6419, 0 
t6420, 0 
t6421, 0 
t6422, 0 
t6423, 0 
t6424, 0 
t6425, 0 
t6426, 0 
t6427, 0 
t6428, 0 
t6429, 0 
t6430, 0 
t6431, 0 
t6432, 0 
t6433, 0 
t6434, 0 
t6435, 0 
t6436, 0 
t6437, 0 
t6438, 0 
t6439, 0 
t6440, 0 
t6441, 0 
t6442, 0 
t6443, 0 
t6444, 0 
t6445, 0 
t6446, 0 
t6447, 0 
t6448, 0 
t6449, 0 
t6450, 0 
t6451, 0 
t6452, 0 
t6453, 0 
t6454, 0 
t6455, 0 
t6456, 0 
t6457, 0 
t6458, 0 
t6459, 0 
t6460, 0 
t6461, 0 
t6462, 0 
t6463, 0 
t6464, 0 
t6465, 0 
t6466, 0 
t6467, 0 
t6468, 0 
t6469, 0 
t6470, 0 
t6471, 0 
t6472, 0 
t6473, 0 
t6474, 0 
t6475, 0 
t6476, 0 
t6477, 0 
t6478, 0 
t6479, 0 
t6480, 0 
t6481, 0 
t6482, 0 
t6483, 0 
t6484, 0 
t6485, 0 
t6486, 0 
t6487, 0 
t6488, 0 
t6489, 0 
t6490, 0 
t6491, 0 
t6492, 0 
t6493, 0 
t6494, 0 
t6495, 0 
t6496, 0 
t6497, 0 
t6498, 0 
t6499, 0 
t6500, 0 
t6501, 0 
t6502, 0 
t6503, 0 
t6504, 0 
t6505, 0 
t6506, 0 
t6507, 0 
t6508, 0 
t6509, 0 
t6510, 0 
t6511, 0 
t6512, 0 
t6513, 0 
t6514, 0 
t6515, 0 
t6516, 0 
t6517, 0 
t6518, 0 
t6519, 0 
t6520, 0 
t6521, 0 
t6522, 0 
t6523, 0 
t6524, 0 
t6525, 0 
t6526, 0 
t6527, 0 
t6528, 0 
t6529, 0 
t6530, 0 
t6531, 0 
t6532, 0 
t6533, 0 
t6534, 0 
t6535, 0 
t6536, 0 
t6537, 0 
t6538, 0 
t6539, 0 
t6540, 0 
t6541, 0 
t6542, 0 
t6543, 0 
t6544, 0 
t6545, 0 
t6546, 0 
t6547, 0 
t6548, 0 
t6549, 0 
t6550, 0 
t6551, 0 
t6552, 0 
t6553, 0 
t6554, 0 
t6555, 0 
t6556, 0 
t6557, 0 
t6558, 0 
t6559, 0 
t6560, 0 
t6561, 0 
t6562, 0 
t6563, 0 
t6564, 0 
t6565, 0 
t6566, 0 
t6567, 0 
t6568, 0 
t6569, 0 
t6570, 0 
t6571, 0 
t6572, 0 
t6573, 0 
t6574, 0 
t6575, 0 
t6576, 0 
t6577, 0 
t6578, 0 
t6579, 0 
t6580, 0 
t6581, 0 
t6582, 0 
t6583, 0 
t6584, 0 
t6585, 0 
t6586, 0 
t6587, 0 
t6588, 0 
t6589, 0 
t6590, 0 
t6591, 0 
t6592, 0 
t6593, 0 
t6594, 0 
t6595, 0 
t6596, 0 
t6597, 0 
t6598, 0 
t6599, 0 
t6600, 0 
t6601, 0 
t6602, 0 
t6603, 0 
t6604, 0 
t6605, 0 
t6606, 0 
t6607, 0 
t6608, 0 
t6609, 0 
t6610, 0 
t6611, 0 
t6612, 0 
t6613, 0 
t6614, 0 
t6615, 0 
t6616, 0 
t6617, 0 
t6618, 0 
t6619, 0 
t6620, 0 
t6621, 0 
t6622, 0 
t6623, 0 
t6624, 0 
t6625, 0 
t6626, 0 
t6627, 0 
t6628, 0 
t6629, 0 
t6630, 0 
t6631, 0 
t6632, 0 
t6633, 0 
t6634, 0 
t6635, 0 
t6636, 0 
t6637, 0 
t6638, 0 
t6639, 0 
t6640, 0 
t6641, 0 
t6642, 0 
t6643, 0 
t6644, 0 
t6645, 0 
t6646, 0 
t6647, 0 
t6648, 0 
t6649, 0 
t6650, 0 
t6651, 0 
t6652, 0 
t6653, 0 
t6654, 0 
t6655, 0 
t6656, 0 
t6657, 0 
t6658, 0 
t6659, 0 
t6660, 0 
t6661, 0 
t6662, 0 
t6663, 0 
t6664, 0 
t6665, 0 
t6666, 0 
t6667, 0 
t6668, 0 
t6669, 0 
t6670, 0 
t6671, 0 
t6672, 0 
t6673, 0 
t6674, 0 
t6675, 0 
t6676, 0 
t6677, 0 
t6678, 0 
t6679, 0 
t6680, 0 
t6681, 0 
t6682, 0 
t6683, 0 
t6684, 0 
t6685, 0 
t6686, 0 
t6687, 0 
t6688, 0 
t6689, 0 
t6690, 0 
t6691, 0 
t6692, 0 
t6693, 0 
t6694, 0 
t6695, 0 
t6696, 0 
t6697, 0 
t6698, 0 
t6699, 0 
t6700, 0 
t6701, 0 
t6702, 0 
t6703, 0 
t6704, 0 
t6705, 0 
t6706, 0 
t6707, 0 
t6708, 0 
t6709, 0 
t6710, 0 
t6711, 0 
t6712, 0 
t6713, 0 
t6714, 0 
t6715, 0 
t6716, 0 
t6717, 0 
t6718, 0 
t6719, 0 
t6720, 0 
t6721, 0 
t6722, 0 
t6723, 0 
t6724, 0 
t6725, 0 
t6726, 0 
t6727, 0 
t6728, 0 
t6729, 0 
t6730, 0 
t6731, 0 
t6732, 0 
t6733, 0 
t6734, 0 
t6735, 0 
t6736, 0 
t6737, 0 
t6738, 0 
t6739, 0 
t6740, 0 
t6741, 0 
t6742, 0 
t6743, 0 
t6744, 0 
t6745, 0 
t6746, 0 
t6747, 0 
t6748, 0 
t6749, 0 
t6750, 0 
t6751, 0 
t6752, 0 
t6753, 0 
t6754, 0 
t6755, 0 
t6756, 0 
t6757, 0 
t6758, 0 
t6759, 0 
t6760, 0 
t6761, 0 
t6762, 0 
t6763, 0 
t6764, 0 
t6765, 0 
t6766, 0 
t6767, 0 
t6768, 0 
t6769, 0 
t6770, 0 
t6771, 0 
t6772, 0 
t6773, 0 
t6774, 0 
t6775, 0 
t6776, 0 
t6777, 0 
t6778, 0 
t6779, 0 
t6780, 0 
t6781, 0 
t6782, 0 
t6783, 0 
t6784, 0 
t6785, 0 
t6786, 0 
t6787, 0 
t6788, 0 
t6789, 0 
t6790, 0 
t6791, 0 
t6792, 0 
t6793, 0 
t6794, 0 
t6795, 0 
t6796, 0 
t6797, 0 
t6798, 0 
t6799, 0 
t6800, 0 
t6801, 0 
t6802, 0 
t6803, 0 
t6804, 0 
t6805, 0 
t6806, 0 
t6807, 0 
t6808, 0 
t6809, 0 
t6810, 0 
t6811, 0 
t6812, 0 
t6813, 0 
t6814, 0 
t6815, 0 
t6816, 0 
t6817, 0 
t6818, 0 
t6819, 0 
t6820, 0 
t6821, 0 
t6822, 0 
t6823, 0 
t6824, 0 
t6825, 0 
t6826, 0 
t6827, 0 
t6828, 0 
t6829, 0 
t6830, 0 
t6831, 0 
t6832, 0 
t6833, 0 
t6834, 0 
t6835, 0 
t6836, 0 
t6837, 0 
t6838, 0 
t6839, 0 
t6840, 0 
t6841, 0 
t6842, 0 
t6843, 0 
t6844, 0 
t6845, 0 
t6846, 0 
t6847, 0 
t6848, 0 
t6849, 0 
t6850, 0 
t6851, 0 
t6852, 0 
t6853, 0 
t6854, 0 
t6855, 0 
t6856, 0 
t6857, 0 
t6858, 0 
t6859, 0 
t6860, 0 
t6861, 0 
t6862, 0 
t6863, 0 
t6864, 0 
t6865, 0 
t6866, 0 
t6867, 0 
t6868, 0 
t6869, 0 
t6870, 0 
t6871, 0 
t6872, 0 
t6873, 0 
t6874, 0 
t6875, 0 
t6876, 0 
t6877, 0 
t6878, 0 
t6879, 0 
t6880, 0 
t6881, 0 
t6882, 0 
t6883, 0 
t6884, 0 
t6885, 0 
t6886, 0 
t6887, 0 
t6888, 0 
t6889, 0 
t6890, 0 
t6891, 0 
t6892, 0 
t6893, 0 
t6894, 0 
t6895, 0 
t6896, 0 
t6897, 0 
t6898, 0 
t6899, 0 
t6900, 0 
t6901, 0 
t6902, 0 
t6903, 0 
t6904, 0 
t6905, 0 
t6906, 0 
t6907, 0 
t6908, 0 
t6909, 0 
t6910, 0 
t6911, 0 
t6912, 0 
t6913, 0 
t6914, 0 
t6915, 0 
t6916, 0 
t6917, 0 
t6918, 0 
t6919, 0 
t6920, 0 
t6921, 0 
t6922, 0 
t6923, 0 
t6924, 0 
t6925, 0 
t6926, 0 
t6927, 0 
t6928, 0 
t6929, 0 
t6930, 0 
t6931, 0 
t6932, 0 
t6933, 0 
t6934, 0 
t6935, 0 
t6936, 0 
t6937, 0 
t6938, 0 
t6939, 0 
t6940, 0 
t6941, 0 
t6942, 0 
t6943, 0 
t6944, 0 
t6945, 0 
t6946, 0 
t6947, 0 
t6948, 0 
t6949, 0 
t6950, 0 
t6951, 0 
t6952, 0 
t6953, 0 
t6954, 0 
t6955, 0 
t6956, 0 
t6957, 0 
t6958, 0 
t6959, 0 
t6960, 0 
t6961, 0 
t6962, 0 
t6963, 0 
t6964, 0 
t6965, 0 
t6966, 0 
t6967, 0 
t6968, 0 
t6969, 0 
t6970, 0 
t6971, 0 
t6972, 0 
t6973, 0 
t6974, 0 
t6975, 0 
t6976, 0 
t6977, 0 
t6978, 0 
t6979, 0 
t6980, 0 
t6981, 0 
t6982, 0 
t6983, 0 
t6984, 0 
t6985, 0 
t6986, 0 
t6987, 0 
t6988, 0 
t6989, 0 
t6990, 0 
t6991, 0 
t6992, 0 
t6993, 0 
t6994, 0 
t6995, 0 
t6996, 0 
t6997, 0 
t6998, 0 
t6999, 0 
t7000, 0 
t7001, 0 
t7002, 0 
t7003, 0 
t7004, 0 
t7005, 0 
t7006, 0 
t7007, 0 
t7008, 0 
t7009, 0 
t7010, 0 
t7011, 0 
t7012, 0 
t7013, 0 
t7014, 0 
t7015, 0 
t7016, 0 
t7017, 0 
t7018, 0 
t7019, 0 
t7020, 0 
t7021, 0 
t7022, 0 
t7023, 0 
t7024, 0 
t7025, 0 
t7026, 0 
t7027, 0 
t7028, 0 
t7029, 0 
t7030, 0 
t7031, 0 
t7032, 0 
t7033, 0 
t7034, 0 
t7035, 0 
t7036, 0 
t7037, 0 
t7038, 0 
t7039, 0 
t7040, 0 
t7041, 0 
t7042, 0 
t7043, 0 
t7044, 0 
t7045, 0 
t7046, 0 
t7047, 0 
t7048, 0 
t7049, 0 
t7050, 0 
t7051, 0 
t7052, 0 
t7053, 0 
t7054, 0 
t7055, 0 
t7056, 0 
t7057, 0 
t7058, 0 
t7059, 0 
t7060, 0 
t7061, 0 
t7062, 0 
t7063, 0 
t7064, 0 
t7065, 0 
t7066, 0 
t7067, 0 
t7068, 0 
t7069, 0 
t7070, 0 
t7071, 0 
t7072, 0 
t7073, 0 
t7074, 0 
t7075, 0 
t7076, 0 
t7077, 0 
t7078, 0 
t7079, 0 
t7080, 0 
t7081, 0 
t7082, 0 
t7083, 0 
t7084, 0 
t7085, 0 
t7086, 0 
t7087, 0 
t7088, 0 
t7089, 0 
t7090, 0 
t7091, 0 
t7092, 0 
t7093, 0 
t7094, 0 
t7095, 0 
t7096, 0 
t7097, 0 
t7098, 0 
t7099, 0 
t7100, 0 
t7101, 0 
t7102, 0 
t7103, 0 
t7104, 0 
t7105, 0 
t7106, 0 
t7107, 0 
t7108, 0 
t7109, 0 
t7110, 0 
t7111, 0 
t7112, 0 
t7113, 0 
t7114, 0 
t7115, 0 
t7116, 0 
t7117, 0 
t7118, 0 
t7119, 0 
t7120, 0 
t7121, 0 
t7122, 0 
t7123, 0 
t7124, 0 
t7125, 0 
t7126, 0 
t7127, 0 
t7128, 0 
t7129, 0 
t7130, 0 
t7131, 0 
t7132, 0 
t7133, 0 
t7134, 0 
t7135, 0 
t7136, 0 
t7137, 0 
t7138, 0 
t7139, 0 
t7140, 0 
t7141, 0 
t7142, 0 
t7143, 0 
t7144, 0 
t7145, 0 
t7146, 0 
t7147, 0 
t7148, 0 
t7149, 0 
t7150, 0 
t7151, 0 
t7152, 0 
t7153, 0 
t7154, 0 
t7155, 0 
t7156, 0 
t7157, 0 
t7158, 0 
t7159, 0 
t7160, 0 
t7161, 0 
t7162, 0 
t7163, 0 
t7164, 0 
t7165, 0 
t7166, 0 
t7167, 0 
t7168, 0 
t7169, 0 
t7170, 0 
t7171, 0 
t7172, 0 
t7173, 0 
t7174, 0 
t7175, 0 
t7176, 0 
t7177, 0 
t7178, 0 
t7179, 0 
t7180, 0 
t7181, 0 
t7182, 0 
t7183, 0 
t7184, 0 
t7185, 0 
t7186, 0 
t7187, 0 
t7188, 0 
t7189, 0 
t7190, 0 
t7191, 0 
t7192, 0 
t7193, 0 
t7194, 0 
t7195, 0 
t7196, 0 
t7197, 0 
t7198, 0 
t7199, 0 
t7200, 0 
t7201, 0 
t7202, 0 
t7203, 0 
t7204, 0 
t7205, 0 
t7206, 0 
t7207, 0 
t7208, 0 
t7209, 0 
t7210, 0 
t7211, 0 
t7212, 0 
t7213, 0 
t7214, 0 
t7215, 0 
t7216, 0 
t7217, 0 
t7218, 0 
t7219, 0 
t7220, 0 
t7221, 0 
t7222, 0 
t7223, 0 
t7224, 0 
t7225, 0 
t7226, 0 
t7227, 0 
t7228, 0 
t7229, 0 
t7230, 0 
t7231, 0 
t7232, 0 
t7233, 0 
t7234, 0 
t7235, 0 
t7236, 0 
t7237, 0 
t7238, 0 
t7239, 0 
t7240, 0 
t7241, 0 
t7242, 0 
t7243, 0 
t7244, 0 
t7245, 0 
t7246, 0 
t7247, 0 
t7248, 0 
t7249, 0 
t7250, 0 
t7251, 0 
t7252, 0 
t7253, 0 
t7254, 0 
t7255, 0 
t7256, 0 
t7257, 0 
t7258, 0 
t7259, 0 
t7260, 0 
t7261, 0 
t7262, 0 
t7263, 0 
t7264, 0 
t7265, 0 
t7266, 0 
t7267, 0 
t7268, 0 
t7269, 0 
t7270, 0 
t7271, 0 
t7272, 0 
t7273, 0 
t7274, 0 
t7275, 0 
t7276, 0 
t7277, 0 
t7278, 0 
t7279, 0 
t7280, 0 
t7281, 0 
t7282, 0 
t7283, 0 
t7284, 0 
t7285, 0 
t7286, 0 
t7287, 0 
t7288, 0 
t7289, 0 
t7290, 0 
t7291, 0 
t7292, 0 
t7293, 0 
t7294, 0 
t7295, 0 
t7296, 0 
t7297, 0 
t7298, 0 
t7299, 0 
t7300, 0 
t7301, 0 
t7302, 0 
t7303, 0 
t7304, 0 
t7305, 0 
t7306, 0 
t7307, 0 
t7308, 0 
t7309, 0 
t7310, 0 
t7311, 0 
t7312, 0 
t7313, 0 
t7314, 0 
t7315, 0 
t7316, 0 
t7317, 0 
t7318, 0 
t7319, 0 
t7320, 0 
t7321, 0 
t7322, 0 
t7323, 0 
t7324, 0 
t7325, 0 
t7326, 0 
t7327, 0 
t7328, 0 
t7329, 0 
t7330, 0 
t7331, 0 
t7332, 0 
t7333, 0 
t7334, 0 
t7335, 0 
t7336, 0 
t7337, 0 
t7338, 0 
t7339, 0 
t7340, 0 
t7341, 0 
t7342, 0 
t7343, 0 
t7344, 0 
t7345, 0 
t7346, 0 
t7347, 0 
t7348, 0 
t7349, 0 
t7350, 0 
t7351, 0 
t7352, 0 
t7353, 0 
t7354, 0 
t7355, 0 
t7356, 0 
t7357, 0 
t7358, 0 
t7359, 0 
t7360, 0 
t7361, 0 
t7362, 0 
t7363, 0 
t7364, 0 
t7365, 0 
t7366, 0 
t7367, 0 
t7368, 0 
t7369, 0 
t7370, 0 
t7371, 0 
t7372, 0 
t7373, 0 
t7374, 0 
t7375, 0 
t7376, 0 
t7377, 0 
t7378, 0 
t7379, 0 
t7380, 0 
t7381, 0 
t7382, 0 
t7383, 0 
t7384, 0 
t7385, 0 
t7386, 0 
t7387, 0 
t7388, 0 
t7389, 0 
t7390, 0 
t7391, 0 
t7392, 0 
t7393, 0 
t7394, 0 
t7395, 0 
t7396, 0 
t7397, 0 
t7398, 0 
t7399, 0 
t7400, 0 
t7401, 0 
t7402, 0 
t7403, 0 
t7404, 0 
t7405, 0 
t7406, 0 
t7407, 0 
t7408, 0 
t7409, 0 
t7410, 0 
t7411, 0 
t7412, 0 
t7413, 0 
t7414, 0 
t7415, 0 
t7416, 0 
t7417, 0 
t7418, 0 
t7419, 0 
t7420, 0 
t7421, 0 
t7422, 0 
t7423, 0 
t7424, 0 
t7425, 0 
t7426, 0 
t7427, 0 
t7428, 0 
t7429, 0 
t7430, 0 
t7431, 0 
t7432, 0 
t7433, 0 
t7434, 0 
t7435, 0 
t7436, 0 
t7437, 0 
t7438, 0 
t7439, 0 
t7440, 0 
t7441, 0 
t7442, 0 
t7443, 0 
t7444, 0 
t7445, 0 
t7446, 0 
t7447, 0 
t7448, 0 
t7449, 0 
t7450, 0 
t7451, 0 
t7452, 0 
t7453, 0 
t7454, 0 
t7455, 0 
t7456, 0 
t7457, 0 
t7458, 0 
t7459, 0 
t7460, 0 
t7461, 0 
t7462, 0 
t7463, 0 
t7464, 0 
t7465, 0 
t7466, 0 
t7467, 0 
t7468, 0 
t7469, 0 
t7470, 0 
t7471, 0 
t7472, 0 
t7473, 0 
t7474, 0 
t7475, 0 
t7476, 0 
t7477, 0 
t7478, 0 
t7479, 0 
t7480, 0 
t7481, 0 
t7482, 0 
t7483, 0 
t7484, 0 
t7485, 0 
t7486, 0 
t7487, 0 
t7488, 0 
t7489, 0 
t7490, 0 
t7491, 0 
t7492, 0 
t7493, 0 
t7494, 0 
t7495, 0 
t7496, 0 
t7497, 0 
t7498, 0 
t7499, 0 
t7500, 0 
t7501, 0 
t7502, 0 
t7503, 0 
t7504, 0 
t7505, 0 
t7506, 0 
t7507, 0 
t7508, 0 
t7509, 0 
t7510, 0 
t7511, 0 
t7512, 0 
t7513, 0 
t7514, 0 
t7515, 0 
t7516, 0 
t7517, 0 
t7518, 0 
t7519, 0 
t7520, 0 
t7521, 0 
t7522, 0 
t7523, 0 
t7524, 0 
t7525, 0 
t7526, 0 
t7527, 0 
t7528, 0 
t7529, 0 
t7530, 0 
t7531, 0 
t7532, 0 
t7533, 0 
t7534, 0 
t7535, 0 
t7536, 0 
t7537, 0 
t7538, 0 
t7539, 0 
t7540, 0 
t7541, 0 
t7542, 0 
t7543, 0 
t7544, 0 
t7545, 0 
t7546, 0 
t7547, 0 
t7548, 0 
t7549, 0 
t7550, 0 
t7551, 0 
t7552, 0 
t7553, 0 
t7554, 0 
t7555, 0 
t7556, 0 
t7557, 0 
t7558, 0 
t7559, 0 
t7560, 0 
t7561, 0 
t7562, 0 
t7563, 0 
t7564, 0 
t7565, 0 
t7566, 0 
t7567, 0 
t7568, 0 
t7569, 0 
t7570, 0 
t7571, 0 
t7572, 0 
t7573, 0 
t7574, 0 
t7575, 0 
t7576, 0 
t7577, 0 
t7578, 0 
t7579, 0 
t7580, 0 
t7581, 0 
t7582, 0 
t7583, 0 
t7584, 0 
t7585, 0 
t7586, 0 
t7587, 0 
t7588, 0 
t7589, 0 
t7590, 0 
t7591, 0 
t7592, 0 
t7593, 0 
t7594, 0 
t7595, 0 
t7596, 0 
t7597, 0 
t7598, 0 
t7599, 0 
t7600, 0 
t7601, 0 
t7602, 0 
t7603, 0 
t7604, 0 
t7605, 0 
t7606, 0 
t7607, 0 
t7608, 0 
t7609, 0 
t7610, 0 
t7611, 0 
t7612, 0 
t7613, 0 
t7614, 0 
t7615, 0 
t7616, 0 
t7617, 0 
t7618, 0 
t7619, 0 
t7620, 0 
t7621, 0 
t7622, 0 
t7623, 0 
t7624, 0 
t7625, 0 
t7626, 0 
t7627, 0 
t7628, 0 
t7629, 0 
t7630, 0 
t7631, 0 
t7632, 0 
t7633, 0 
t7634, 0 
t7635, 0 
t7636, 0 
t7637, 0 
t7638, 0 
t7639, 0 
t7640, 0 
t7641, 0 
t7642, 0 
t7643, 0 
t7644, 0 
t7645, 0 
t7646, 0 
t7647, 0 
t7648, 0 
t7649, 0 
t7650, 0 
t7651, 0 
t7652, 0 
t7653, 0 
t7654, 0 
t7655, 0 
t7656, 0 
t7657, 0 
t7658, 0 
t7659, 0 
t7660, 0 
t7661, 0 
t7662, 0 
t7663, 0 
t7664, 0 
t7665, 0 
t7666, 0 
t7667, 0 
t7668, 0 
t7669, 0 
t7670, 0 
t7671, 0 
t7672, 0 
t7673, 0 
t7674, 0 
t7675, 0 
t7676, 0 
t7677, 0 
t7678, 0 
t7679, 0 
t7680, 0 
t7681, 0 
t7682, 0 
t7683, 0 
t7684, 0 
t7685, 0 
t7686, 0 
t7687, 0 
t7688, 0 
t7689, 0 
t7690, 0 
t7691, 0 
t7692, 0 
t7693, 0 
t7694, 0 
t7695, 0 
t7696, 0 
t7697, 0 
t7698, 0 
t7699, 0 
t7700, 0 
t7701, 0 
t7702, 0 
t7703, 0 
t7704, 0 
t7705, 0 
t7706, 0 
t7707, 0 
t7708, 0 
t7709, 0 
t7710, 0 
t7711, 0 
t7712, 0 
t7713, 0 
t7714, 0 
t7715, 0 
t7716, 0 
t7717, 0 
t7718, 0 
t7719, 0 
t7720, 0 
t7721, 0 
t7722, 0 
t7723, 0 
t7724, 0 
t7725, 0 
t7726, 0 
t7727, 0 
t7728, 0 
t7729, 0 
t7730, 0 
t7731, 0 
t7732, 0 
t7733, 0 
t7734, 0 
t7735, 0 
t7736, 0 
t7737, 0 
t7738, 0 
t7739, 0 
t7740, 0 
t7741, 0 
t7742, 0 
t7743, 0 
t7744, 0 
t7745, 0 
t7746, 0 
t7747, 0 
t7748, 0 
t7749, 0 
t7750, 0 
t7751, 0 
t7752, 0 
t7753, 0 
t7754, 0 
t7755, 0 
t7756, 0 
t7757, 0 
t7758, 0 
t7759, 0 
t7760, 0 
t7761, 0 
t7762, 0 
t7763, 0 
t7764, 0 
t7765, 0 
t7766, 0 
t7767, 0 
t7768, 0 
t7769, 0 
t7770, 0 
t7771, 0 
t7772, 0 
t7773, 0 
t7774, 0 
t7775, 0 
t7776, 0 
t7777, 0 
t7778, 0 
t7779, 0 
t7780, 0 
t7781, 0 
t7782, 0 
t7783, 0 
t7784, 0 
t7785, 0 
t7786, 0 
t7787, 0 
t7788, 0 
t7789, 0 
t7790, 0 
t7791, 0 
t7792, 0 
t7793, 0 
t7794, 0 
t7795, 0 
t7796, 0 
t7797, 0 
t7798, 0 
t7799, 0 
t7800, 0 
t7801, 0 
t7802, 0 
t7803, 0 
t7804, 0 
t7805, 0 
t7806, 0 
t7807, 0 
t7808, 0 
t7809, 0 
t7810, 0 
t7811, 0 
t7812, 0 
t7813, 0 
t7814, 0 
t7815, 0 
t7816, 0 
t7817, 0 
t7818, 0 
t7819, 0 
t7820, 0 
t7821, 0 
t7822, 0 
t7823, 0 
t7824, 0 
t7825, 0 
t7826, 0 
t7827, 0 
t7828, 0 
t7829, 0 
t7830, 0 
t7831, 0 
t7832, 0 
t7833, 0 
t7834, 0 
t7835, 0 
t7836, 0 
t7837, 0 
t7838, 0 
t7839, 0 
t7840, 0 
t7841, 0 
t7842, 0 
t7843, 0 
t7844, 0 
t7845, 0 
t7846, 0 
t7847, 0 
t7848, 0 
t7849, 0 
t7850, 0 
t7851, 0 
t7852, 0 
t7853, 0 
t7854, 0 
t7855, 0 
t7856, 0 
t7857, 0 
t7858, 0 
t7859, 0 
t7860, 0 
t7861, 0 
t7862, 0 
t7863, 0 
t7864, 0 
t7865, 0 
t7866, 0 
t7867, 0 
t7868, 0 
t7869, 0 
t7870, 0 
t7871, 0 
t7872, 0 
t7873, 0 
t7874, 0 
t7875, 0 
t7876, 0 
t7877, 0 
t7878, 0 
t7879, 0 
t7880, 0 
t7881, 0 
t7882, 0 
t7883, 0 
t7884, 0 
t7885, 0 
t7886, 0 
t7887, 0 
t7888, 0 
t7889, 0 
t7890, 0 
t7891, 0 
t7892, 0 
t7893, 0 
t7894, 0 
t7895, 0 
t7896, 0 
t7897, 0 
t7898, 0 
t7899, 0 
t7900, 0 
t7901, 0 
t7902, 0 
t7903, 0 
t7904, 0 
t7905, 0 
t7906, 0 
t7907, 0 
t7908, 0 
t7909, 0 
t7910, 0 
t7911, 0 
t7912, 0 
t7913, 0 
t7914, 0 
t7915, 0 
t7916, 0 
t7917, 0 
t7918, 0 
t7919, 0 
t7920, 0 
t7921, 0 
t7922, 0 
t7923, 0 
t7924, 0 
t7925, 0 
t7926, 0 
t7927, 0 
t7928, 0 
t7929, 0 
t7930, 0 
t7931, 0 
t7932, 0 
t7933, 0 
t7934, 0 
t7935, 0 
t7936, 0 
t7937, 0 
t7938, 0 
t7939, 0 
t7940, 0 
t7941, 0 
t7942, 0 
t7943, 0 
t7944, 0 
t7945, 0 
t7946, 0 
t7947, 0 
t7948, 0 
t7949, 0 
t7950, 0 
t7951, 0 
t7952, 0 
t7953, 0 
t7954, 0 
t7955, 0 
t7956, 0 
t7957, 0 
t7958, 0 
t7959, 0 
t7960, 0 
t7961, 0 
t7962, 0 
t7963, 0 
t7964, 0 
t7965, 0 
t7966, 0 
t7967, 0 
t7968, 0 
t7969, 0 
t7970, 0 
t7971, 0 
t7972, 0 
t7973, 0 
t7974, 0 
t7975, 0 
t7976, 0 
t7977, 0 
t7978, 0 
t7979, 0 
t7980, 0 
t7981, 0 
t7982, 0 
t7983, 0 
t7984, 0 
t7985, 0 
t7986, 0 
t7987, 0 
t7988, 0 
t7989, 0 
t7990, 0 
t7991, 0 
t7992, 0 
t7993, 0 
t7994, 0 
t7995, 0 
t7996, 0 
t7997, 0 
t7998, 0 
t7999, 0 
t8000, 0 
t8001, 0 
t8002, 0 
t8003, 0 
t8004, 0 
t8005, 0 
t8006, 0 
t8007, 0 
t8008, 0 
t8009, 0 
t8010, 0 
t8011, 0 
t8012, 0 
t8013, 0 
t8014, 0 
t8015, 0 
t8016, 0 
t8017, 0 
t8018, 0 
t8019, 0 
t8020, 0 
t8021, 0 
t8022, 0 
t8023, 0 
t8024, 0 
t8025, 0 
t8026, 0 
t8027, 0 
t8028, 0 
t8029, 0 
t8030, 0 
t8031, 0 
t8032, 0 
t8033, 0 
t8034, 0 
t8035, 0 
t8036, 0 
t8037, 0 
t8038, 0 
t8039, 0 
t8040, 0 
t8041, 0 
t8042, 0 
t8043, 0 
t8044, 0 
t8045, 0 
t8046, 0 
t8047, 0 
t8048, 0 
t8049, 0 
t8050, 0 
t8051, 0 
t8052, 0 
t8053, 0 
t8054, 0 
t8055, 0 
t8056, 0 
t8057, 0 
t8058, 0 
t8059, 0 
t8060, 0 
t8061, 0 
t8062, 0 
t8063, 0 
t8064, 0 
t8065, 0 
t8066, 0 
t8067, 0 
t8068, 0 
t8069, 0 
t8070, 0 
t8071, 0 
t8072, 0 
t8073, 0 
t8074, 0 
t8075, 0 
t8076, 0 
t8077, 0 
t8078, 0 
t8079, 0 
t8080, 0 
t8081, 0 
t8082, 0 
t8083, 0 
t8084, 0 
t8085, 0 
t8086, 0 
t8087, 0 
t8088, 0 
t8089, 0 
t8090, 0 
t8091, 0 
t8092, 0 
t8093, 0 
t8094, 0 
t8095, 0 
t8096, 0 
t8097, 0 
t8098, 0 
t8099, 0 
t8100, 0 
t8101, 0 
t8102, 0 
t8103, 0 
t8104, 0 
t8105, 0 
t8106, 0 
t8107, 0 
t8108, 0 
t8109, 0 
t8110, 0 
t8111, 0 
t8112, 0 
t8113, 0 
t8114, 0 
t8115, 0 
t8116, 0 
t8117, 0 
t8118, 0 
t8119, 0 
t8120, 0 
t8121, 0 
t8122, 0 
t8123, 0 
t8124, 0 
t8125, 0 
t8126, 0 
t8127, 0 
t8128, 0 
t8129, 0 
t8130, 0 
t8131, 0 
t8132, 0 
t8133, 0 
t8134, 0 
t8135, 0 
t8136, 0 
t8137, 0 
t8138, 0 
t8139, 0 
t8140, 0 
t8141, 0 
t8142, 0 
t8143, 0 
t8144, 0 
t8145, 0 
t8146, 0 
t8147, 0 
t8148, 0 
t8149, 0 
t8150, 0 
t8151, 0 
t8152, 0 
t8153, 0 
t8154, 0 
t8155, 0 
t8156, 0 
t8157, 0 
t8158, 0 
t8159, 0 
t8160, 0 
t8161, 0 
t8162, 0 
t8163, 0 
t8164, 0 
t8165, 0 
t8166, 0 
t8167, 0 
t8168, 0 
t8169, 0 
t8170, 0 
t8171, 0 
t8172, 0 
t8173, 0 
t8174, 0 
t8175, 0 
t8176, 0 
t8177, 0 
t8178, 0 
t8179, 0 
t8180, 0 
t8181, 0 
t8182, 0 
t8183, 0 
t8184, 0 
t8185, 0 
t8186, 0 
t8187, 0 
t8188, 0 
t8189, 0 
t8190, 0 
t8191, 0 
t8192, 0 
t8193, 0 
t8194, 0 
t8195, 0 
t8196, 0 
t8197, 0 
t8198, 0 
t8199, 0 
t8200, 0 
t8201, 0 
t8202, 0 
t8203, 0 
t8204, 0 
t8205, 0 
t8206, 0 
t8207, 0 
t8208, 0 
t8209, 0 
t8210, 0 
t8211, 0 
t8212, 0 
t8213, 0 
t8214, 0 
t8215, 0 
t8216, 0 
t8217, 0 
t8218, 0 
t8219, 0 
t8220, 0 
t8221, 0 
t8222, 0 
t8223, 0 
t8224, 0 
t8225, 0 
t8226, 0 
t8227, 0 
t8228, 0 
t8229, 0 
t8230, 0 
t8231, 0 
t8232, 0 
t8233, 0 
t8234, 0 
t8235, 0 
t8236, 0 
t8237, 0 
t8238, 0 
t8239, 0 
t8240, 0 
t8241, 0 
t8242, 0 
t8243, 0 
t8244, 0 
t8245, 0 
t8246, 0 
t8247, 0 
t8248, 0 
t8249, 0 
t8250, 0 
t8251, 0 
t8252, 0 
t8253, 0 
t8254, 0 
t8255, 0 
t8256, 0 
t8257, 0 
t8258, 0 
t8259, 0 
t8260, 0 
t8261, 0 
t8262, 0 
t8263, 0 
t8264, 0 
t8265, 0 
t8266, 0 
t8267, 0 
t8268, 0 
t8269, 0 
t8270, 0 
t8271, 0 
t8272, 0 
t8273, 0 
t8274, 0 
t8275, 0 
t8276, 0 
t8277, 0 
t8278, 0 
t8279, 0 
t8280, 0 
t8281, 0 
t8282, 0 
t8283, 0 
t8284, 0 
t8285, 0 
t8286, 0 
t8287, 0 
t8288, 0 
t8289, 0 
t8290, 0 
t8291, 0 
t8292, 0 
t8293, 0 
t8294, 0 
t8295, 0 
t8296, 0 
t8297, 0 
t8298, 0 
t8299, 0 
t8300, 0 
t8301, 0 
t8302, 0 
t8303, 0 
t8304, 0 
t8305, 0 
t8306, 0 
t8307, 0 
t8308, 0 
t8309, 0 
t8310, 0 
t8311, 0 
t8312, 0 
t8313, 0 
t8314, 0 
t8315, 0 
t8316, 0 
t8317, 0 
t8318, 0 
t8319, 0 
t8320, 0 
t8321, 0 
t8322, 0 
t8323, 0 
t8324, 0 
t8325, 0 
t8326, 0 
t8327, 0 
t8328, 0 
t8329, 0 
t8330, 0 
t8331, 0 
t8332, 0 
t8333, 0 
t8334, 0 
t8335, 0 
t8336, 0 
t8337, 0 
t8338, 0 
t8339, 0 
t8340, 0 
t8341, 0 
t8342, 0 
t8343, 0 
t8344, 0 
t8345, 0 
t8346, 0 
t8347, 0 
t8348, 0 
t8349, 0 
t8350, 0 
t8351, 0 
t8352, 0 
t8353, 0 
t8354, 0 
t8355, 0 
t8356, 0 
t8357, 0 
t8358, 0 
t8359, 0 
t8360, 0 
t8361, 0 
t8362, 0 
t8363, 0 
t8364, 0 
t8365, 0 
t8366, 0 
t8367, 0 
t8368, 0 
t8369, 0 
t8370, 0 
t8371, 0 
t8372, 0 
t8373, 0 
t8374, 0 
t8375, 0 
t8376, 0 
t8377, 0 
t8378, 0 
t8379, 0 
t8380, 0 
t8381, 0 
t8382, 0 
t8383, 0 
t8384, 0 
t8385, 0 
t8386, 0 
t8387, 0 
t8388, 0 
t8389, 0 
t8390, 0 
t8391, 0 
t8392, 0 
t8393, 0 
t8394, 0 
t8395, 0 
t8396, 0 
t8397, 0 
t8398, 0 
t8399, 0 
t8400, 0 
t8401, 0 
t8402, 0 
t8403, 0 
t8404, 0 
t8405, 0 
t8406, 0 
t8407, 0 
t8408, 0 
t8409, 0 
t8410, 0 
t8411, 0 
t8412, 0 
t8413, 0 
t8414, 0 
t8415, 0 
t8416, 0 
t8417, 0 
t8418, 0 
t8419, 0 
t8420, 0 
t8421, 0 
t8422, 0 
t8423, 0 
t8424, 0 
t8425, 0 
t8426, 0 
t8427, 0 
t8428, 0 
t8429, 0 
t8430, 0 
t8431, 0 
t8432, 0 
t8433, 0 
t8434, 0 
t8435, 0 
t8436, 0 
t8437, 0 
t8438, 0 
t8439, 0 
t8440, 0 
t8441, 0 
t8442, 0 
t8443, 0 
t8444, 0 
t8445, 0 
t8446, 0 
t8447, 0 
t8448, 0 
t8449, 0 
t8450, 0 
t8451, 0 
t8452, 0 
t8453, 0 
t8454, 0 
t8455, 0 
t8456, 0 
t8457, 0 
t8458, 0 
t8459, 0 
t8460, 0 
t8461, 0 
t8462, 0 
t8463, 0 
t8464, 0 
t8465, 0 
t8466, 0 
t8467, 0 
t8468, 0 
t8469, 0 
t8470, 0 
t8471, 0 
t8472, 0 
t8473, 0 
t8474, 0 
t8475, 0 
t8476, 0 
t8477, 0 
t8478, 0 
t8479, 0 
t8480, 0 
t8481, 0 
t8482, 0 
t8483, 0 
t8484, 0 
t8485, 0 
t8486, 0 
t8487, 0 
t8488, 0 
t8489, 0 
t8490, 0 
t8491, 0 
t8492, 0 
t8493, 0 
t8494, 0 
t8495, 0 
t8496, 0 
t8497, 0 
t8498, 0 
t8499, 0 
t8500, 0 
t8501, 0 
t8502, 0 
t8503, 0 
t8504, 0 
t8505, 0 
t8506, 0 
t8507, 0 
t8508, 0 
t8509, 0 
t8510, 0 
t8511, 0 
t8512, 0 
t8513, 0 
t8514, 0 
t8515, 0 
t8516, 0 
t8517, 0 
t8518, 0 
t8519, 0 
t8520, 0 
t8521, 0 
t8522, 0 
t8523, 0 
t8524, 0 
t8525, 0 
t8526, 0 
t8527, 0 
t8528, 0 
t8529, 0 
t8530, 0 
t8531, 0 
t8532, 0 
t8533, 0 
t8534, 0 
t8535, 0 
t8536, 0 
t8537, 0 
t8538, 0 
t8539, 0 
t8540, 0 
t8541, 0 
t8542, 0 
t8543, 0 
t8544, 0 
t8545, 0 
t8546, 0 
t8547, 0 
t8548, 0 
t8549, 0 
t8550, 0 
t8551, 0 
t8552, 0 
t8553, 0 
t8554, 0 
t8555, 0 
t8556, 0 
t8557, 0 
t8558, 0 
t8559, 0 
t8560, 0 
t8561, 0 
t8562, 0 
t8563, 0 
t8564, 0 
t8565, 0 
t8566, 0 
t8567, 0 
t8568, 0 
t8569, 0 
t8570, 0 
t8571, 0 
t8572, 0 
t8573, 0 
t8574, 0 
t8575, 0 
t8576, 0 
t8577, 0 
t8578, 0 
t8579, 0 
t8580, 0 
t8581, 0 
t8582, 0 
t8583, 0 
t8584, 0 
t8585, 0 
t8586, 0 
t8587, 0 
t8588, 0 
t8589, 0 
t8590, 0 
t8591, 0 
t8592, 0 
t8593, 0 
t8594, 0 
t8595, 0 
t8596, 0 
t8597, 0 
t8598, 0 
t8599, 0 
t8600, 0 
t8601, 0 
t8602, 0 
t8603, 0 
t8604, 0 
t8605, 0 
t8606, 0 
t8607, 0 
t8608, 0 
t8609, 0 
t8610, 0 
t8611, 0 
t8612, 0 
t8613, 0 
t8614, 0 
t8615, 0 
t8616, 0 
t8617, 0 
t8618, 0 
t8619, 0 
t8620, 0 
t8621, 0 
t8622, 0 
t8623, 0 
t8624, 0 
t8625, 0 
t8626, 0 
t8627, 0 
t8628, 0 
t8629, 0 
t8630, 0 
t8631, 0 
t8632, 0 
t8633, 0 
t8634, 0 
t8635, 0 
t8636, 0 
t8637, 0 
t8638, 0 
t8639, 0 
t8640, 0 
t8641, 0 
t8642, 0 
t8643, 0 
t8644, 0 
t8645, 0 
t8646, 0 
t8647, 0 
t8648, 0 
t8649, 0 
t8650, 0 
t8651, 0 
t8652, 0 
t8653, 0 
t8654, 0 
t8655, 0 
t8656, 0 
t8657, 0 
t8658, 0 
t8659, 0 
t8660, 0 
t8661, 0 
t8662, 0 
t8663, 0 
t8664, 0 
t8665, 0 
t8666, 0 
t8667, 0 
t8668, 0 
t8669, 0 
t8670, 0 
t8671, 0 
t8672, 0 
t8673, 0 
t8674, 0 
t8675, 0 
t8676, 0 
t8677, 0 
t8678, 0 
t8679, 0 
t8680, 0 
t8681, 0 
t8682, 0 
t8683, 0 
t8684, 0 
t8685, 0 
t8686, 0 
t8687, 0 
t8688, 0 
t8689, 0 
t8690, 0 
t8691, 0 
t8692, 0 
t8693, 0 
t8694, 0 
t8695, 0 
t8696, 0 
t8697, 0 
t8698, 0 
t8699, 0 
t8700, 0 
t8701, 0 
t8702, 0 
t8703, 0 
t8704, 0 
t8705, 0 
t8706, 0 
t8707, 0 
t8708, 0 
t8709, 0 
t8710, 0 
t8711, 0 
t8712, 0 
t8713, 0 
t8714, 0 
t8715, 0 
t8716, 0 
t8717, 0 
t8718, 0 
t8719, 0 
t8720, 0 
t8721, 0 
t8722, 0 
t8723, 0 
t8724, 0 
t8725, 0 
t8726, 0 
t8727, 0 
t8728, 0 
t8729, 0 
t8730, 0 
t8731, 0 
t8732, 0 
t8733, 0 
t8734, 0 
t8735, 0 
t8736, 0 
