Period,Scenario,LoadLevel,Component,Date,MEUR
period1,sc01,t0001,TotalMCost,2024-09-16 12:29:00,-0.003206579200888733
period1,sc01,t0001,TotalGCost,2024-09-16 12:29:00,0.020891053157990384
period1,sc01,t0001,TotalECost,2024-09-16 12:29:00,0.0
period1,sc01,t0001,TotalCCost,2024-09-16 12:29:00,0.0
period1,sc01,t0001,TotalRCost,2024-09-16 12:29:00,-0.0
period1,sc01,t0002,TotalMCost,2024-09-16 13:29:00,-0.003081623369298093
period1,sc01,t0002,TotalGCost,2024-09-16 13:29:00,8.92449608701094e-05
period1,sc01,t0002,TotalECost,2024-09-16 13:29:00,0.0
period1,sc01,t0002,TotalCCost,2024-09-16 13:29:00,0.0
period1,sc01,t0002,TotalRCost,2024-09-16 13:29:00,-0.0
period1,sc01,t0003,TotalMCost,2024-09-16 14:29:00,-0.0027586198282141022
period1,sc01,t0003,TotalGCost,2024-09-16 14:29:00,8.68348731901094e-05
period1,sc01,t0003,TotalECost,2024-09-16 14:29:00,0.0
period1,sc01,t0003,TotalCCost,2024-09-16 14:29:00,0.0
period1,sc01,t0003,TotalRCost,2024-09-16 14:29:00,-0.0
period1,sc01,t0004,TotalMCost,2024-09-16 15:29:00,0.0
period1,sc01,t0004,TotalGCost,2024-09-16 15:29:00,8.35210026301094e-05
period1,sc01,t0004,TotalECost,2024-09-16 15:29:00,0.0
period1,sc01,t0004,TotalCCost,2024-09-16 15:29:00,0.0
period1,sc01,t0004,TotalRCost,2024-09-16 15:29:00,-0.0
period1,sc01,t0005,TotalMCost,2024-09-16 16:29:00,0.0
period1,sc01,t0005,TotalGCost,2024-09-16 16:29:00,8.13368606701094e-05
period1,sc01,t0005,TotalECost,2024-09-16 16:29:00,0.0
period1,sc01,t0005,TotalCCost,2024-09-16 16:29:00,0.0
period1,sc01,t0005,TotalRCost,2024-09-16 16:29:00,-0.0
period1,sc01,t0006,TotalMCost,2024-09-16 17:29:00,0.0
period1,sc01,t0006,TotalGCost,2024-09-16 17:29:00,8.09602844701094e-05
period1,sc01,t0006,TotalECost,2024-09-16 17:29:00,0.0
period1,sc01,t0006,TotalCCost,2024-09-16 17:29:00,0.0
period1,sc01,t0006,TotalRCost,2024-09-16 17:29:00,-0.0
period1,sc01,t0007,TotalMCost,2024-09-16 18:29:00,-0.0021373719071275826
period1,sc01,t0007,TotalGCost,2024-09-16 18:29:00,8.08096539901094e-05
period1,sc01,t0007,TotalECost,2024-09-16 18:29:00,0.0
period1,sc01,t0007,TotalCCost,2024-09-16 18:29:00,0.0
period1,sc01,t0007,TotalRCost,2024-09-16 18:29:00,-0.0
period1,sc01,t0008,TotalMCost,2024-09-16 19:29:00,-0.0020325642060738903
period1,sc01,t0008,TotalGCost,2024-09-16 19:29:00,7.960461015010941e-05
period1,sc01,t0008,TotalECost,2024-09-16 19:29:00,0.0
period1,sc01,t0008,TotalCCost,2024-09-16 19:29:00,0.0
period1,sc01,t0008,TotalRCost,2024-09-16 19:29:00,-0.0
period1,sc01,t0009,TotalMCost,2024-09-16 20:29:00,-0.0016752590534421775
period1,sc01,t0009,TotalGCost,2024-09-16 20:29:00,7.538695671010941e-05
period1,sc01,t0009,TotalECost,2024-09-16 20:29:00,0.0
period1,sc01,t0009,TotalCCost,2024-09-16 20:29:00,0.0
period1,sc01,t0009,TotalRCost,2024-09-16 20:29:00,-0.0
period1,sc01,t0010,TotalMCost,2024-09-16 21:29:00,-0.0008216625797845441
period1,sc01,t0010,TotalGCost,2024-09-16 21:29:00,6.499345359010941e-05
period1,sc01,t0010,TotalECost,2024-09-16 21:29:00,0.0
period1,sc01,t0010,TotalCCost,2024-09-16 21:29:00,0.0
period1,sc01,t0010,TotalRCost,2024-09-16 21:29:00,-0.0
period1,sc01,t0011,TotalMCost,2024-09-16 22:29:00,-0.0003147330797845445
period1,sc01,t0011,TotalGCost,2024-09-16 22:29:00,5.91941801101094e-05
period1,sc01,t0011,TotalECost,2024-09-16 22:29:00,0.0
period1,sc01,t0011,TotalCCost,2024-09-16 22:29:00,0.0
period1,sc01,t0011,TotalRCost,2024-09-16 22:29:00,-0.0
period1,sc01,t0012,TotalMCost,2024-09-16 23:29:00,-5.223331585086497e-05
period1,sc01,t0012,TotalGCost,2024-09-16 23:29:00,5.61815705101094e-05
period1,sc01,t0012,TotalECost,2024-09-16 23:29:00,0.0
period1,sc01,t0012,TotalCCost,2024-09-16 23:29:00,0.0
period1,sc01,t0012,TotalRCost,2024-09-16 23:29:00,-0.0
period1,sc01,t0013,TotalMCost,2024-09-17 00:29:00,0.0
period1,sc01,t0013,TotalGCost,2024-09-17 00:29:00,5.31689609101094e-05
period1,sc01,t0013,TotalECost,2024-09-17 00:29:00,0.0
period1,sc01,t0013,TotalCCost,2024-09-17 00:29:00,0.0
period1,sc01,t0013,TotalRCost,2024-09-17 00:29:00,-0.0
period1,sc01,t0014,TotalMCost,2024-09-17 01:29:00,0.0
period1,sc01,t0014,TotalGCost,2024-09-17 01:29:00,5.1060134190109405e-05
period1,sc01,t0014,TotalECost,2024-09-17 01:29:00,0.0
period1,sc01,t0014,TotalCCost,2024-09-17 01:29:00,0.0
period1,sc01,t0014,TotalRCost,2024-09-17 01:29:00,-0.0
period1,sc01,t0015,TotalMCost,2024-09-17 02:29:00,0.0
period1,sc01,t0015,TotalGCost,2024-09-17 02:29:00,5.01563513101094e-05
period1,sc01,t0015,TotalECost,2024-09-17 02:29:00,0.0
period1,sc01,t0015,TotalCCost,2024-09-17 02:29:00,0.0
period1,sc01,t0015,TotalRCost,2024-09-17 02:29:00,-0.0
period1,sc01,t0016,TotalMCost,2024-09-17 03:29:00,0.0
period1,sc01,t0016,TotalGCost,2024-09-17 03:29:00,4.99304055901094e-05
period1,sc01,t0016,TotalECost,2024-09-17 03:29:00,0.0
period1,sc01,t0016,TotalCCost,2024-09-17 03:29:00,0.0
period1,sc01,t0016,TotalRCost,2024-09-17 03:29:00,-0.0
period1,sc01,t0017,TotalMCost,2024-09-17 04:29:00,0.0
period1,sc01,t0017,TotalGCost,2024-09-17 04:29:00,5.00810360701094e-05
period1,sc01,t0017,TotalECost,2024-09-17 04:29:00,0.0
period1,sc01,t0017,TotalCCost,2024-09-17 04:29:00,0.0
period1,sc01,t0017,TotalRCost,2024-09-17 04:29:00,-0.0
period1,sc01,t0018,TotalMCost,2024-09-17 05:29:00,0.0
period1,sc01,t0018,TotalGCost,2024-09-17 05:29:00,5.07588732301094e-05
period1,sc01,t0018,TotalECost,2024-09-17 05:29:00,0.0
period1,sc01,t0018,TotalCCost,2024-09-17 05:29:00,0.0
period1,sc01,t0018,TotalRCost,2024-09-17 05:29:00,-0.0
period1,sc01,t0019,TotalMCost,2024-09-17 06:29:00,0.0
period1,sc01,t0019,TotalGCost,2024-09-17 06:29:00,5.15120256301094e-05
period1,sc01,t0019,TotalECost,2024-09-17 06:29:00,0.0
period1,sc01,t0019,TotalCCost,2024-09-17 06:29:00,0.0
period1,sc01,t0019,TotalRCost,2024-09-17 06:29:00,-0.0
period1,sc01,t0020,TotalMCost,2024-09-17 07:29:00,-0.0030453487208937885
period1,sc01,t0020,TotalGCost,2024-09-17 07:29:00,5.21898627901094e-05
period1,sc01,t0020,TotalECost,2024-09-17 07:29:00,0.0
period1,sc01,t0020,TotalCCost,2024-09-17 07:29:00,0.0
period1,sc01,t0020,TotalRCost,2024-09-17 07:29:00,-0.0
period1,sc01,t0021,TotalMCost,2024-09-17 08:29:00,-0.003160269769062447
period1,sc01,t0021,TotalGCost,2024-09-17 08:29:00,5.30183304301094e-05
period1,sc01,t0021,TotalECost,2024-09-17 08:29:00,0.0
period1,sc01,t0021,TotalCCost,2024-09-17 08:29:00,0.0
period1,sc01,t0021,TotalRCost,2024-09-17 08:29:00,-0.0
period1,sc01,t0022,TotalMCost,2024-09-17 09:29:00,-0.0007063518817417734
period1,sc01,t0022,TotalGCost,2024-09-17 09:29:00,5.4072743790109405e-05
period1,sc01,t0022,TotalECost,2024-09-17 09:29:00,0.0
period1,sc01,t0022,TotalCCost,2024-09-17 09:29:00,0.0
period1,sc01,t0022,TotalRCost,2024-09-17 09:29:00,-0.0
period1,sc01,t0023,TotalMCost,2024-09-17 10:29:00,0.0
period1,sc01,t0023,TotalGCost,2024-09-17 10:29:00,5.4976526670109404e-05
period1,sc01,t0023,TotalECost,2024-09-17 10:29:00,0.0
period1,sc01,t0023,TotalCCost,2024-09-17 10:29:00,0.0
period1,sc01,t0023,TotalRCost,2024-09-17 10:29:00,-0.0
period1,sc01,t0024,TotalMCost,2024-09-17 11:29:00,0.0
period1,sc01,t0024,TotalGCost,2024-09-17 11:29:00,5.5503733350109406e-05
period1,sc01,t0024,TotalECost,2024-09-17 11:29:00,0.0
period1,sc01,t0024,TotalCCost,2024-09-17 11:29:00,0.0
period1,sc01,t0024,TotalRCost,2024-09-17 11:29:00,-0.0
period1,sc01,t0025,TotalMCost,2024-09-17 12:29:00,0.0
period1,sc01,t0025,TotalGCost,2024-09-17 12:29:00,5.5654363830109404e-05
period1,sc01,t0025,TotalECost,2024-09-17 12:29:00,0.0
period1,sc01,t0025,TotalCCost,2024-09-17 12:29:00,0.0
period1,sc01,t0025,TotalRCost,2024-09-17 12:29:00,-0.0
period1,sc01,t0026,TotalMCost,2024-09-17 13:29:00,0.001951654798114214
period1,sc01,t0026,TotalGCost,2024-09-17 13:29:00,5.54284181101094e-05
period1,sc01,t0026,TotalECost,2024-09-17 13:29:00,0.0
period1,sc01,t0026,TotalCCost,2024-09-17 13:29:00,0.0
period1,sc01,t0026,TotalRCost,2024-09-17 13:29:00,-0.0
period1,sc01,t0027,TotalMCost,2024-09-17 14:29:00,0.002951875
period1,sc01,t0027,TotalGCost,2024-09-17 14:29:00,5.51271571501094e-05
period1,sc01,t0027,TotalECost,2024-09-17 14:29:00,0.0
period1,sc01,t0027,TotalCCost,2024-09-17 14:29:00,0.0
period1,sc01,t0027,TotalRCost,2024-09-17 14:29:00,-0.0
period1,sc01,t0028,TotalMCost,2024-09-17 15:29:00,0.0028275
period1,sc01,t0028,TotalGCost,2024-09-17 15:29:00,5.45246352301094e-05
period1,sc01,t0028,TotalECost,2024-09-17 15:29:00,0.0
period1,sc01,t0028,TotalCCost,2024-09-17 15:29:00,0.0
period1,sc01,t0028,TotalRCost,2024-09-17 15:29:00,-0.0
period1,sc01,t0029,TotalMCost,2024-09-17 16:29:00,0.0028562500000000003
period1,sc01,t0029,TotalGCost,2024-09-17 16:29:00,5.39221133101094e-05
period1,sc01,t0029,TotalECost,2024-09-17 16:29:00,0.0
period1,sc01,t0029,TotalCCost,2024-09-17 16:29:00,0.0
period1,sc01,t0029,TotalRCost,2024-09-17 16:29:00,-0.0
period1,sc01,t0030,TotalMCost,2024-09-17 17:29:00,0.00018819087744066716
period1,sc01,t0030,TotalGCost,2024-09-17 17:29:00,5.3470221870109404e-05
period1,sc01,t0030,TotalECost,2024-09-17 17:29:00,0.0
period1,sc01,t0030,TotalCCost,2024-09-17 17:29:00,0.0
period1,sc01,t0030,TotalRCost,2024-09-17 17:29:00,-0.0
period1,sc01,t0031,TotalMCost,2024-09-17 18:29:00,0.0
period1,sc01,t0031,TotalGCost,2024-09-17 18:29:00,5.32442761501094e-05
period1,sc01,t0031,TotalECost,2024-09-17 18:29:00,0.0
period1,sc01,t0031,TotalCCost,2024-09-17 18:29:00,0.0
period1,sc01,t0031,TotalRCost,2024-09-17 18:29:00,-0.0
period1,sc01,t0032,TotalMCost,2024-09-17 19:29:00,0.0
period1,sc01,t0032,TotalGCost,2024-09-17 19:29:00,5.32442761501094e-05
period1,sc01,t0032,TotalECost,2024-09-17 19:29:00,0.0
period1,sc01,t0032,TotalCCost,2024-09-17 19:29:00,0.0
period1,sc01,t0032,TotalRCost,2024-09-17 19:29:00,-0.0
period1,sc01,t0033,TotalMCost,2024-09-17 20:29:00,0.0
period1,sc01,t0033,TotalGCost,2024-09-17 20:29:00,5.35455371101094e-05
period1,sc01,t0033,TotalECost,2024-09-17 20:29:00,0.0
period1,sc01,t0033,TotalCCost,2024-09-17 20:29:00,0.0
period1,sc01,t0033,TotalRCost,2024-09-17 20:29:00,-0.0
period1,sc01,t0034,TotalMCost,2024-09-17 21:29:00,0.0
period1,sc01,t0034,TotalGCost,2024-09-17 21:29:00,5.3470221870109404e-05
period1,sc01,t0034,TotalECost,2024-09-17 21:29:00,0.0
period1,sc01,t0034,TotalCCost,2024-09-17 21:29:00,0.0
period1,sc01,t0034,TotalRCost,2024-09-17 21:29:00,-0.0
period1,sc01,t0035,TotalMCost,2024-09-17 22:29:00,0.0
period1,sc01,t0035,TotalGCost,2024-09-17 22:29:00,5.51271571501094e-05
period1,sc01,t0035,TotalECost,2024-09-17 22:29:00,0.0
period1,sc01,t0035,TotalCCost,2024-09-17 22:29:00,0.0
period1,sc01,t0035,TotalRCost,2024-09-17 22:29:00,-0.0
period1,sc01,t0036,TotalMCost,2024-09-17 23:29:00,-0.00032029652715031073
period1,sc01,t0036,TotalGCost,2024-09-17 23:29:00,5.92694953501094e-05
period1,sc01,t0036,TotalECost,2024-09-17 23:29:00,0.0
period1,sc01,t0036,TotalCCost,2024-09-17 23:29:00,0.0
period1,sc01,t0036,TotalRCost,2024-09-17 23:29:00,-0.0
period1,sc01,t0037,TotalMCost,2024-09-18 00:29:00,-0.0005795412018919367
period1,sc01,t0037,TotalGCost,2024-09-18 00:29:00,6.22067897101094e-05
period1,sc01,t0037,TotalECost,2024-09-18 00:29:00,0.0
period1,sc01,t0037,TotalCCost,2024-09-18 00:29:00,0.0
period1,sc01,t0037,TotalRCost,2024-09-18 00:29:00,-0.0
period1,sc01,t0038,TotalMCost,2024-09-18 01:29:00,-0.0006418406202098376
period1,sc01,t0038,TotalGCost,2024-09-18 01:29:00,6.37884097501094e-05
period1,sc01,t0038,TotalECost,2024-09-18 01:29:00,0.0
period1,sc01,t0038,TotalCCost,2024-09-18 01:29:00,0.0
period1,sc01,t0038,TotalRCost,2024-09-18 01:29:00,-0.0
period1,sc01,t0039,TotalMCost,2024-09-18 02:29:00,0.0
period1,sc01,t0039,TotalGCost,2024-09-18 02:29:00,6.52947145501094e-05
period1,sc01,t0039,TotalECost,2024-09-18 02:29:00,0.0
period1,sc01,t0039,TotalCCost,2024-09-18 02:29:00,0.0
period1,sc01,t0039,TotalRCost,2024-09-18 02:29:00,-0.0
period1,sc01,t0040,TotalMCost,2024-09-18 03:29:00,-0.000934576591615889
period1,sc01,t0040,TotalGCost,2024-09-18 03:29:00,6.642444315010941e-05
period1,sc01,t0040,TotalECost,2024-09-18 03:29:00,0.0
period1,sc01,t0040,TotalCCost,2024-09-18 03:29:00,0.0
period1,sc01,t0040,TotalRCost,2024-09-18 03:29:00,-0.0
period1,sc01,t0041,TotalMCost,2024-09-18 04:29:00,-0.001099518258786399
period1,sc01,t0041,TotalGCost,2024-09-18 04:29:00,6.740354127010941e-05
period1,sc01,t0041,TotalECost,2024-09-18 04:29:00,0.0
period1,sc01,t0041,TotalCCost,2024-09-18 04:29:00,0.0
period1,sc01,t0041,TotalRCost,2024-09-18 04:29:00,-0.0
period1,sc01,t0042,TotalMCost,2024-09-18 05:29:00,-0.0016664425132890068
period1,sc01,t0042,TotalGCost,2024-09-18 05:29:00,6.81566936701094e-05
period1,sc01,t0042,TotalECost,2024-09-18 05:29:00,0.0
period1,sc01,t0042,TotalCCost,2024-09-18 05:29:00,0.0
period1,sc01,t0042,TotalRCost,2024-09-18 05:29:00,-0.0
period1,sc01,t0043,TotalMCost,2024-09-18 06:29:00,-0.0010551458496044432
period1,sc01,t0043,TotalGCost,2024-09-18 06:29:00,6.657507363010941e-05
period1,sc01,t0043,TotalECost,2024-09-18 06:29:00,0.0
period1,sc01,t0043,TotalCCost,2024-09-18 06:29:00,0.0
period1,sc01,t0043,TotalRCost,2024-09-18 06:29:00,-0.0
period1,sc01,t0044,TotalMCost,2024-09-18 07:29:00,-0.0008593335940624467
period1,sc01,t0044,TotalGCost,2024-09-18 07:29:00,6.469219263010941e-05
period1,sc01,t0044,TotalECost,2024-09-18 07:29:00,0.0
period1,sc01,t0044,TotalCCost,2024-09-18 07:29:00,0.0
period1,sc01,t0044,TotalRCost,2024-09-18 07:29:00,-0.0
period1,sc01,t0045,TotalMCost,2024-09-18 08:29:00,-0.0006737929682721758
period1,sc01,t0045,TotalGCost,2024-09-18 08:29:00,6.27339963901094e-05
period1,sc01,t0045,TotalECost,2024-09-18 08:29:00,0.0
period1,sc01,t0045,TotalCCost,2024-09-18 08:29:00,0.0
period1,sc01,t0045,TotalRCost,2024-09-18 08:29:00,-0.0
period1,sc01,t0046,TotalMCost,2024-09-18 09:29:00,-0.00040267727299107825
period1,sc01,t0046,TotalGCost,2024-09-18 09:29:00,5.99473325101094e-05
period1,sc01,t0046,TotalECost,2024-09-18 09:29:00,0.0
period1,sc01,t0046,TotalCCost,2024-09-18 09:29:00,0.0
period1,sc01,t0046,TotalRCost,2024-09-18 09:29:00,-0.0
period1,sc01,t0047,TotalMCost,2024-09-18 10:29:00,-0.00011960985664366208
period1,sc01,t0047,TotalGCost,2024-09-18 10:29:00,5.69347229101094e-05
period1,sc01,t0047,TotalECost,2024-09-18 10:29:00,0.0
period1,sc01,t0047,TotalCCost,2024-09-18 10:29:00,0.0
period1,sc01,t0047,TotalRCost,2024-09-18 10:29:00,-0.0
period1,sc01,t0048,TotalMCost,2024-09-18 11:29:00,0.0
period1,sc01,t0048,TotalGCost,2024-09-18 11:29:00,5.45246352301094e-05
period1,sc01,t0048,TotalECost,2024-09-18 11:29:00,0.0
period1,sc01,t0048,TotalCCost,2024-09-18 11:29:00,0.0
period1,sc01,t0048,TotalRCost,2024-09-18 11:29:00,-0.0
period1,sc01,t0049,TotalMCost,2024-09-18 12:29:00,0.0002521548313257455
period1,sc01,t0049,TotalGCost,2024-09-18 12:29:00,5.29430151901094e-05
period1,sc01,t0049,TotalECost,2024-09-18 12:29:00,0.0
period1,sc01,t0049,TotalCCost,2024-09-18 12:29:00,0.0
period1,sc01,t0049,TotalRCost,2024-09-18 12:29:00,-0.0
period1,sc01,t0050,TotalMCost,2024-09-18 13:29:00,0.0003421861376199299
period1,sc01,t0050,TotalGCost,2024-09-18 13:29:00,5.1813286590109405e-05
period1,sc01,t0050,TotalECost,2024-09-18 13:29:00,0.0
period1,sc01,t0050,TotalCCost,2024-09-18 13:29:00,0.0
period1,sc01,t0050,TotalRCost,2024-09-18 13:29:00,-0.0
period1,sc01,t0051,TotalMCost,2024-09-18 14:29:00,0.0003882323077186086
period1,sc01,t0051,TotalGCost,2024-09-18 14:29:00,5.1135449430109404e-05
period1,sc01,t0051,TotalECost,2024-09-18 14:29:00,0.0
period1,sc01,t0051,TotalCCost,2024-09-18 14:29:00,0.0
period1,sc01,t0051,TotalRCost,2024-09-18 14:29:00,-0.0
period1,sc01,t0052,TotalMCost,2024-09-18 15:29:00,0.0004274992360082484
period1,sc01,t0052,TotalGCost,2024-09-18 15:29:00,5.06835579901094e-05
period1,sc01,t0052,TotalECost,2024-09-18 15:29:00,0.0
period1,sc01,t0052,TotalCCost,2024-09-18 15:29:00,0.0
period1,sc01,t0052,TotalRCost,2024-09-18 15:29:00,-0.0
period1,sc01,t0053,TotalMCost,2024-09-18 16:29:00,0.00046489787511992995
period1,sc01,t0053,TotalGCost,2024-09-18 16:29:00,5.0457612270109404e-05
period1,sc01,t0053,TotalECost,2024-09-18 16:29:00,0.0
period1,sc01,t0053,TotalCCost,2024-09-18 16:29:00,0.0
period1,sc01,t0053,TotalRCost,2024-09-18 16:29:00,-0.0
period1,sc01,t0054,TotalMCost,2024-09-18 17:29:00,0.00041740089283790675
period1,sc01,t0054,TotalGCost,2024-09-18 17:29:00,5.1210764670109404e-05
period1,sc01,t0054,TotalECost,2024-09-18 17:29:00,0.0
period1,sc01,t0054,TotalCCost,2024-09-18 17:29:00,0.0
period1,sc01,t0054,TotalRCost,2024-09-18 17:29:00,-0.0
period1,sc01,t0055,TotalMCost,2024-09-18 18:29:00,0.0
period1,sc01,t0055,TotalGCost,2024-09-18 18:29:00,5.4223374270109404e-05
period1,sc01,t0055,TotalECost,2024-09-18 18:29:00,0.0
period1,sc01,t0055,TotalCCost,2024-09-18 18:29:00,0.0
period1,sc01,t0055,TotalRCost,2024-09-18 18:29:00,-0.0
period1,sc01,t0056,TotalMCost,2024-09-18 19:29:00,-0.0003469709035355994
period1,sc01,t0056,TotalGCost,2024-09-18 19:29:00,5.92694953501094e-05
period1,sc01,t0056,TotalECost,2024-09-18 19:29:00,0.0
period1,sc01,t0056,TotalCCost,2024-09-18 19:29:00,0.0
period1,sc01,t0056,TotalRCost,2024-09-18 19:29:00,-0.0
period1,sc01,t0057,TotalMCost,2024-09-18 20:29:00,-0.0007497973903921892
period1,sc01,t0057,TotalGCost,2024-09-18 20:29:00,6.341183355010941e-05
period1,sc01,t0057,TotalECost,2024-09-18 20:29:00,0.0
period1,sc01,t0057,TotalCCost,2024-09-18 20:29:00,0.0
period1,sc01,t0057,TotalRCost,2024-09-18 20:29:00,-0.0
period1,sc01,t0058,TotalMCost,2024-09-18 21:29:00,-0.000671022828814172
period1,sc01,t0058,TotalGCost,2024-09-18 21:29:00,6.25833659101094e-05
period1,sc01,t0058,TotalECost,2024-09-18 21:29:00,0.0
period1,sc01,t0058,TotalCCost,2024-09-18 21:29:00,0.0
period1,sc01,t0058,TotalRCost,2024-09-18 21:29:00,-0.0
period1,sc01,t0059,TotalMCost,2024-09-18 22:29:00,-0.0008798972732721756
period1,sc01,t0059,TotalGCost,2024-09-18 22:29:00,6.491813835010941e-05
period1,sc01,t0059,TotalECost,2024-09-18 22:29:00,0.0
period1,sc01,t0059,TotalCCost,2024-09-18 22:29:00,0.0
period1,sc01,t0059,TotalRCost,2024-09-18 22:29:00,-0.0
period1,sc01,t0060,TotalMCost,2024-09-18 23:29:00,-0.0011432912851035175
period1,sc01,t0060,TotalGCost,2024-09-18 23:29:00,6.785543271010941e-05
period1,sc01,t0060,TotalECost,2024-09-18 23:29:00,0.0
period1,sc01,t0060,TotalCCost,2024-09-18 23:29:00,0.0
period1,sc01,t0060,TotalRCost,2024-09-18 23:29:00,-0.0
period1,sc01,t0061,TotalMCost,2024-09-19 00:29:00,-0.0013787399035179258
period1,sc01,t0061,TotalGCost,2024-09-19 00:29:00,7.049146611010941e-05
period1,sc01,t0061,TotalECost,2024-09-19 00:29:00,0.0
period1,sc01,t0061,TotalCCost,2024-09-19 00:29:00,0.0
period1,sc01,t0061,TotalRCost,2024-09-19 00:29:00,-0.0
period1,sc01,t0062,TotalMCost,2024-09-19 01:29:00,-0.0017420176324692807
period1,sc01,t0062,TotalGCost,2024-09-19 01:29:00,7.43325433501094e-05
period1,sc01,t0062,TotalECost,2024-09-19 01:29:00,0.0
period1,sc01,t0062,TotalCCost,2024-09-19 01:29:00,0.0
period1,sc01,t0062,TotalRCost,2024-09-19 01:29:00,-0.0
period1,sc01,t0063,TotalMCost,2024-09-19 02:29:00,-0.0022160217332721755
period1,sc01,t0063,TotalGCost,2024-09-19 02:29:00,7.90774034701094e-05
period1,sc01,t0063,TotalECost,2024-09-19 02:29:00,0.0
period1,sc01,t0063,TotalCCost,2024-09-19 02:29:00,0.0
period1,sc01,t0063,TotalRCost,2024-09-19 02:29:00,-0.0
period1,sc01,t0064,TotalMCost,2024-09-19 03:29:00,-0.002644473846179935
period1,sc01,t0064,TotalGCost,2024-09-19 03:29:00,8.32197416701094e-05
period1,sc01,t0064,TotalECost,2024-09-19 03:29:00,0.0
period1,sc01,t0064,TotalCCost,2024-09-19 03:29:00,0.0
period1,sc01,t0064,TotalRCost,2024-09-19 03:29:00,-0.0
period1,sc01,t0065,TotalMCost,2024-09-19 04:29:00,-0.0062782834219828314
period1,sc01,t0065,TotalGCost,2024-09-19 04:29:00,8.41988397901094e-05
period1,sc01,t0065,TotalECost,2024-09-19 04:29:00,0.0
period1,sc01,t0065,TotalCCost,2024-09-19 04:29:00,0.0
period1,sc01,t0065,TotalRCost,2024-09-19 04:29:00,-0.0
period1,sc01,t0066,TotalMCost,2024-09-19 05:29:00,-0.006748439661471132
period1,sc01,t0066,TotalGCost,2024-09-19 05:29:00,8.79646017901094e-05
period1,sc01,t0066,TotalECost,2024-09-19 05:29:00,0.0
period1,sc01,t0066,TotalCCost,2024-09-19 05:29:00,0.0
period1,sc01,t0066,TotalRCost,2024-09-19 05:29:00,-0.0
period1,sc01,t0067,TotalMCost,2024-09-19 06:29:00,-0.0070353703917269824
period1,sc01,t0067,TotalGCost,2024-09-19 06:29:00,9.14291028301094e-05
period1,sc01,t0067,TotalECost,2024-09-19 06:29:00,0.0
period1,sc01,t0067,TotalCCost,2024-09-19 06:29:00,0.0
period1,sc01,t0067,TotalRCost,2024-09-19 06:29:00,-0.0
period1,sc01,t0068,TotalMCost,2024-09-19 07:29:00,-0.0036000540456455135
period1,sc01,t0068,TotalGCost,2024-09-19 07:29:00,9.353792955010941e-05
period1,sc01,t0068,TotalECost,2024-09-19 07:29:00,0.0
period1,sc01,t0068,TotalCCost,2024-09-19 07:29:00,0.0
period1,sc01,t0068,TotalRCost,2024-09-19 07:29:00,-0.0
period1,sc01,t0069,TotalMCost,2024-09-19 08:29:00,-0.0038546271759013636
period1,sc01,t0069,TotalGCost,2024-09-19 08:29:00,9.655053915010942e-05
period1,sc01,t0069,TotalECost,2024-09-19 08:29:00,0.0
period1,sc01,t0069,TotalCCost,2024-09-19 08:29:00,0.0
period1,sc01,t0069,TotalRCost,2024-09-19 08:29:00,-0.0
period1,sc01,t0070,TotalMCost,2024-09-19 09:29:00,-0.003922093945615215
period1,sc01,t0070,TotalGCost,2024-09-19 09:29:00,9.83581049101094e-05
period1,sc01,t0070,TotalECost,2024-09-19 09:29:00,0.0
period1,sc01,t0070,TotalCCost,2024-09-19 09:29:00,0.0
period1,sc01,t0070,TotalRCost,2024-09-19 09:29:00,-0.0
period1,sc01,t0071,TotalMCost,2024-09-19 10:29:00,-0.004094177120888738
period1,sc01,t0071,TotalGCost,2024-09-19 10:29:00,9.97137792301094e-05
period1,sc01,t0071,TotalECost,2024-09-19 10:29:00,0.0
period1,sc01,t0071,TotalCCost,2024-09-19 10:29:00,0.0
period1,sc01,t0071,TotalRCost,2024-09-19 10:29:00,-0.0
period1,sc01,t0072,TotalMCost,2024-09-19 11:29:00,-0.004092699285103518
period1,sc01,t0072,TotalGCost,2024-09-19 11:29:00,9.94878335101094e-05
period1,sc01,t0072,TotalECost,2024-09-19 11:29:00,0.0
period1,sc01,t0072,TotalCCost,2024-09-19 11:29:00,0.0
period1,sc01,t0072,TotalRCost,2024-09-19 11:29:00,-0.0
period1,sc01,t0073,TotalMCost,2024-09-19 12:29:00,-0.0038226261521629346
period1,sc01,t0073,TotalGCost,2024-09-19 12:29:00,9.88099963501094e-05
period1,sc01,t0073,TotalECost,2024-09-19 12:29:00,0.0
period1,sc01,t0073,TotalCCost,2024-09-19 12:29:00,0.0
period1,sc01,t0073,TotalRCost,2024-09-19 12:29:00,-0.0
period1,sc01,t0074,TotalMCost,2024-09-19 13:29:00,-0.0019384518248176524
period1,sc01,t0074,TotalGCost,2024-09-19 13:29:00,9.93372030301094e-05
period1,sc01,t0074,TotalECost,2024-09-19 13:29:00,0.0
period1,sc01,t0074,TotalCCost,2024-09-19 13:29:00,0.0
period1,sc01,t0074,TotalRCost,2024-09-19 13:29:00,-0.0
period1,sc01,t0075,TotalMCost,2024-09-19 14:29:00,-0.00059328404862481
period1,sc01,t0075,TotalGCost,2024-09-19 14:29:00,9.94125182701094e-05
period1,sc01,t0075,TotalECost,2024-09-19 14:29:00,0.0
period1,sc01,t0075,TotalCCost,2024-09-19 14:29:00,0.0
period1,sc01,t0075,TotalRCost,2024-09-19 14:29:00,-0.0
period1,sc01,t0076,TotalMCost,2024-09-19 15:29:00,-0.0005120666099394033
period1,sc01,t0076,TotalGCost,2024-09-19 15:29:00,9.83581049101094e-05
period1,sc01,t0076,TotalECost,2024-09-19 15:29:00,0.0
period1,sc01,t0076,TotalCCost,2024-09-19 15:29:00,0.0
period1,sc01,t0076,TotalRCost,2024-09-19 15:29:00,-0.0
period1,sc01,t0077,TotalMCost,2024-09-19 16:29:00,-0.00046268126392863074
period1,sc01,t0077,TotalGCost,2024-09-19 16:29:00,9.73790067901094e-05
period1,sc01,t0077,TotalECost,2024-09-19 16:29:00,0.0
period1,sc01,t0077,TotalCCost,2024-09-19 16:29:00,0.0
period1,sc01,t0077,TotalRCost,2024-09-19 16:29:00,-0.0
period1,sc01,t0078,TotalMCost,2024-09-19 17:29:00,-0.0036459840797845467
period1,sc01,t0078,TotalGCost,2024-09-19 17:29:00,9.730369155010939e-05
period1,sc01,t0078,TotalECost,2024-09-19 17:29:00,0.0
period1,sc01,t0078,TotalCCost,2024-09-19 17:29:00,0.0
period1,sc01,t0078,TotalRCost,2024-09-19 17:29:00,-0.0
period1,sc01,t0079,TotalMCost,2024-09-19 18:29:00,-0.0038584278009089375
period1,sc01,t0079,TotalGCost,2024-09-19 18:29:00,9.62492781901094e-05
period1,sc01,t0079,TotalECost,2024-09-19 18:29:00,0.0
period1,sc01,t0079,TotalCCost,2024-09-19 18:29:00,0.0
period1,sc01,t0079,TotalRCost,2024-09-19 18:29:00,-0.0
period1,sc01,t0080,TotalMCost,2024-09-19 19:29:00,-0.0037720613006631872
period1,sc01,t0080,TotalGCost,2024-09-19 19:29:00,9.459234291010941e-05
period1,sc01,t0080,TotalECost,2024-09-19 19:29:00,0.0
period1,sc01,t0080,TotalCCost,2024-09-19 19:29:00,0.0
period1,sc01,t0080,TotalRCost,2024-09-19 19:29:00,-0.0
period1,sc01,t0081,TotalMCost,2024-09-19 20:29:00,-0.0034960996409442845
period1,sc01,t0081,TotalGCost,2024-09-19 20:29:00,9.10525266301094e-05
period1,sc01,t0081,TotalECost,2024-09-19 20:29:00,0.0
period1,sc01,t0081,TotalCCost,2024-09-19 20:29:00,0.0
period1,sc01,t0081,TotalRCost,2024-09-19 20:29:00,-0.0
period1,sc01,t0082,TotalMCost,2024-09-19 21:29:00,-0.003582934960944285
period1,sc01,t0082,TotalGCost,2024-09-19 21:29:00,8.472604647010939e-05
period1,sc01,t0082,TotalECost,2024-09-19 21:29:00,0.0
period1,sc01,t0082,TotalCCost,2024-09-19 21:29:00,0.0
period1,sc01,t0082,TotalRCost,2024-09-19 21:29:00,-0.0
period1,sc01,t0083,TotalMCost,2024-09-19 22:29:00,-0.00298992194409022
period1,sc01,t0083,TotalGCost,2024-09-19 22:29:00,8.63076665101094e-05
period1,sc01,t0083,TotalECost,2024-09-19 22:29:00,0.0
period1,sc01,t0083,TotalCCost,2024-09-19 22:29:00,0.0
period1,sc01,t0083,TotalRCost,2024-09-19 22:29:00,-0.0
period1,sc01,t0084,TotalMCost,2024-09-19 23:29:00,-0.0027128359146145428
period1,sc01,t0084,TotalGCost,2024-09-19 23:29:00,8.35210026301094e-05
period1,sc01,t0084,TotalECost,2024-09-19 23:29:00,0.0
period1,sc01,t0084,TotalCCost,2024-09-19 23:29:00,0.0
period1,sc01,t0084,TotalRCost,2024-09-19 23:29:00,-0.0
period1,sc01,t0085,TotalMCost,2024-09-20 00:29:00,-0.002304416753550749
period1,sc01,t0085,TotalGCost,2024-09-20 00:29:00,7.960461015010941e-05
period1,sc01,t0085,TotalECost,2024-09-20 00:29:00,0.0
period1,sc01,t0085,TotalCCost,2024-09-20 00:29:00,0.0
period1,sc01,t0085,TotalRCost,2024-09-20 00:29:00,-0.0
period1,sc01,t0086,TotalMCost,2024-09-20 01:29:00,-0.0020797390232873245
period1,sc01,t0086,TotalGCost,2024-09-20 01:29:00,7.72698377101094e-05
period1,sc01,t0086,TotalECost,2024-09-20 01:29:00,0.0
period1,sc01,t0086,TotalCCost,2024-09-20 01:29:00,0.0
period1,sc01,t0086,TotalRCost,2024-09-20 01:29:00,-0.0
period1,sc01,t0087,TotalMCost,2024-09-20 02:29:00,-0.001978556400908938
period1,sc01,t0087,TotalGCost,2024-09-20 02:29:00,7.644137007010941e-05
period1,sc01,t0087,TotalECost,2024-09-20 02:29:00,0.0
period1,sc01,t0087,TotalCCost,2024-09-20 02:29:00,0.0
period1,sc01,t0087,TotalRCost,2024-09-20 02:29:00,-0.0
period1,sc01,t0088,TotalMCost,2024-09-20 03:29:00,-0.0019499652009089374
period1,sc01,t0088,TotalGCost,2024-09-20 03:29:00,7.614010911010942e-05
period1,sc01,t0088,TotalECost,2024-09-20 03:29:00,0.0
period1,sc01,t0088,TotalCCost,2024-09-20 03:29:00,0.0
period1,sc01,t0088,TotalRCost,2024-09-20 03:29:00,-0.0
period1,sc01,t0089,TotalMCost,2024-09-20 04:29:00,-0.001971346398287325
period1,sc01,t0089,TotalGCost,2024-09-20 04:29:00,7.614010911010942e-05
period1,sc01,t0089,TotalECost,2024-09-20 04:29:00,0.0
period1,sc01,t0089,TotalCCost,2024-09-20 04:29:00,0.0
period1,sc01,t0089,TotalRCost,2024-09-20 04:29:00,-0.0
period1,sc01,t0090,TotalMCost,2024-09-20 05:29:00,-0.005660480650944286
period1,sc01,t0090,TotalGCost,2024-09-20 05:29:00,7.696857675010941e-05
period1,sc01,t0090,TotalECost,2024-09-20 05:29:00,0.0
period1,sc01,t0090,TotalCCost,2024-09-20 05:29:00,0.0
period1,sc01,t0090,TotalRCost,2024-09-20 05:29:00,-0.0
period1,sc01,t0091,TotalMCost,2024-09-20 06:29:00,-0.005587742612534928
period1,sc01,t0091,TotalGCost,2024-09-20 06:29:00,7.553758719010941e-05
period1,sc01,t0091,TotalECost,2024-09-20 06:29:00,0.0
period1,sc01,t0091,TotalCCost,2024-09-20 06:29:00,0.0
period1,sc01,t0091,TotalRCost,2024-09-20 06:29:00,-0.0
period1,sc01,t0092,TotalMCost,2024-09-20 07:29:00,-0.0016638286746170669
period1,sc01,t0092,TotalGCost,2024-09-20 07:29:00,7.26756080701094e-05
period1,sc01,t0092,TotalECost,2024-09-20 07:29:00,0.0
period1,sc01,t0092,TotalCCost,2024-09-20 07:29:00,0.0
period1,sc01,t0092,TotalRCost,2024-09-20 07:29:00,-0.0
period1,sc01,t0093,TotalMCost,2024-09-20 08:29:00,-0.0013628465774920041
period1,sc01,t0093,TotalGCost,2024-09-20 08:29:00,6.98889441901094e-05
period1,sc01,t0093,TotalECost,2024-09-20 08:29:00,0.0
period1,sc01,t0093,TotalCCost,2024-09-20 08:29:00,0.0
period1,sc01,t0093,TotalRCost,2024-09-20 08:29:00,-0.0
period1,sc01,t0094,TotalMCost,2024-09-20 09:29:00,-0.0012617726945968687
period1,sc01,t0094,TotalGCost,2024-09-20 09:29:00,6.88345308301094e-05
period1,sc01,t0094,TotalECost,2024-09-20 09:29:00,0.0
period1,sc01,t0094,TotalCCost,2024-09-20 09:29:00,0.0
period1,sc01,t0094,TotalRCost,2024-09-20 09:29:00,-0.0
period1,sc01,t0095,TotalMCost,2024-09-20 10:29:00,-0.0012452793303795655
period1,sc01,t0095,TotalGCost,2024-09-20 10:29:00,6.87592155901094e-05
period1,sc01,t0095,TotalECost,2024-09-20 10:29:00,0.0
period1,sc01,t0095,TotalCCost,2024-09-20 10:29:00,0.0
period1,sc01,t0095,TotalRCost,2024-09-20 10:29:00,-0.0
period1,sc01,t0096,TotalMCost,2024-09-20 11:29:00,-0.00489339742411042
period1,sc01,t0096,TotalGCost,2024-09-20 11:29:00,6.87592155901094e-05
period1,sc01,t0096,TotalECost,2024-09-20 11:29:00,0.0
period1,sc01,t0096,TotalCCost,2024-09-20 11:29:00,0.0
period1,sc01,t0096,TotalRCost,2024-09-20 11:29:00,-0.0
period1,sc01,t0097,TotalMCost,2024-09-20 12:29:00,-0.001291363040397239
period1,sc01,t0097,TotalGCost,2024-09-20 12:29:00,6.89851613101094e-05
period1,sc01,t0097,TotalECost,2024-09-20 12:29:00,0.0
period1,sc01,t0097,TotalCCost,2024-09-20 12:29:00,0.0
period1,sc01,t0097,TotalRCost,2024-09-20 12:29:00,-0.0
period1,sc01,t0098,TotalMCost,2024-09-20 13:29:00,-0.0013928322190624467
period1,sc01,t0098,TotalGCost,2024-09-20 13:29:00,7.034083563010941e-05
period1,sc01,t0098,TotalECost,2024-09-20 13:29:00,0.0
period1,sc01,t0098,TotalCCost,2024-09-20 13:29:00,0.0
period1,sc01,t0098,TotalRCost,2024-09-20 13:29:00,-0.0
period1,sc01,t0099,TotalMCost,2024-09-20 14:29:00,-0.0014677253692980975
period1,sc01,t0099,TotalGCost,2024-09-20 14:29:00,7.16211947101094e-05
period1,sc01,t0099,TotalECost,2024-09-20 14:29:00,0.0
period1,sc01,t0099,TotalCCost,2024-09-20 14:29:00,0.0
period1,sc01,t0099,TotalRCost,2024-09-20 14:29:00,-0.0
period1,sc01,t0100,TotalMCost,2024-09-20 15:29:00,-0.001354885314533748
period1,sc01,t0100,TotalGCost,2024-09-20 15:29:00,7.086804231010941e-05
period1,sc01,t0100,TotalECost,2024-09-20 15:29:00,0.0
period1,sc01,t0100,TotalCCost,2024-09-20 15:29:00,0.0
period1,sc01,t0100,TotalRCost,2024-09-20 15:29:00,-0.0
period1,sc01,t0101,TotalMCost,2024-09-20 16:29:00,0.0
period1,sc01,t0101,TotalGCost,2024-09-20 16:29:00,6.98889441901094e-05
period1,sc01,t0101,TotalECost,2024-09-20 16:29:00,0.0
period1,sc01,t0101,TotalCCost,2024-09-20 16:29:00,0.0
period1,sc01,t0101,TotalRCost,2024-09-20 16:29:00,-0.0
period1,sc01,t0102,TotalMCost,2024-09-20 17:29:00,0.0
period1,sc01,t0102,TotalGCost,2024-09-20 17:29:00,6.906047655010941e-05
period1,sc01,t0102,TotalECost,2024-09-20 17:29:00,0.0
period1,sc01,t0102,TotalCCost,2024-09-20 17:29:00,0.0
period1,sc01,t0102,TotalRCost,2024-09-20 17:29:00,-0.0
period1,sc01,t0103,TotalMCost,2024-09-20 18:29:00,-0.0011296507787308529
period1,sc01,t0103,TotalGCost,2024-09-20 18:29:00,6.85332698701094e-05
period1,sc01,t0103,TotalECost,2024-09-20 18:29:00,0.0
period1,sc01,t0103,TotalCCost,2024-09-20 18:29:00,0.0
period1,sc01,t0103,TotalRCost,2024-09-20 18:29:00,-0.0
period1,sc01,t0104,TotalMCost,2024-09-20 19:29:00,0.0
period1,sc01,t0104,TotalGCost,2024-09-20 19:29:00,6.740354127010941e-05
period1,sc01,t0104,TotalECost,2024-09-20 19:29:00,0.0
period1,sc01,t0104,TotalCCost,2024-09-20 19:29:00,0.0
period1,sc01,t0104,TotalRCost,2024-09-20 19:29:00,-0.0
period1,sc01,t0105,TotalMCost,2024-09-20 20:29:00,-0.0009636990714155862
period1,sc01,t0105,TotalGCost,2024-09-20 20:29:00,6.597255171010941e-05
period1,sc01,t0105,TotalECost,2024-09-20 20:29:00,0.0
period1,sc01,t0105,TotalCCost,2024-09-20 20:29:00,0.0
period1,sc01,t0105,TotalRCost,2024-09-20 20:29:00,-0.0
period1,sc01,t0106,TotalMCost,2024-09-20 21:29:00,-0.0025073645715886135
period1,sc01,t0106,TotalGCost,2024-09-20 21:29:00,6.07004849101094e-05
period1,sc01,t0106,TotalECost,2024-09-20 21:29:00,0.0
period1,sc01,t0106,TotalCCost,2024-09-20 21:29:00,0.0
period1,sc01,t0106,TotalRCost,2024-09-20 21:29:00,-0.0
period1,sc01,t0107,TotalMCost,2024-09-20 22:29:00,-0.00026963958643325977
period1,sc01,t0107,TotalGCost,2024-09-20 22:29:00,5.84410277101094e-05
period1,sc01,t0107,TotalECost,2024-09-20 22:29:00,0.0
period1,sc01,t0107,TotalCCost,2024-09-20 22:29:00,0.0
period1,sc01,t0107,TotalRCost,2024-09-20 22:29:00,-0.0
period1,sc01,t0108,TotalMCost,2024-09-20 23:29:00,-0.00014713238879397343
period1,sc01,t0108,TotalGCost,2024-09-20 23:29:00,5.7160668630109404e-05
period1,sc01,t0108,TotalECost,2024-09-20 23:29:00,0.0
period1,sc01,t0108,TotalCCost,2024-09-20 23:29:00,0.0
period1,sc01,t0108,TotalRCost,2024-09-20 23:29:00,-0.0
period1,sc01,t0109,TotalMCost,2024-09-21 00:29:00,-2.5456842955730698e-05
period1,sc01,t0109,TotalGCost,2024-09-21 00:29:00,5.58803095501094e-05
period1,sc01,t0109,TotalECost,2024-09-21 00:29:00,0.0
period1,sc01,t0109,TotalCCost,2024-09-21 00:29:00,0.0
period1,sc01,t0109,TotalRCost,2024-09-21 00:29:00,-0.0
period1,sc01,t0110,TotalMCost,2024-09-21 01:29:00,0.0
period1,sc01,t0110,TotalGCost,2024-09-21 01:29:00,5.52777876301094e-05
period1,sc01,t0110,TotalECost,2024-09-21 01:29:00,0.0
period1,sc01,t0110,TotalCCost,2024-09-21 01:29:00,0.0
period1,sc01,t0110,TotalRCost,2024-09-21 01:29:00,-0.0
period1,sc01,t0111,TotalMCost,2024-09-21 02:29:00,0.0
period1,sc01,t0111,TotalGCost,2024-09-21 02:29:00,5.52024723901094e-05
period1,sc01,t0111,TotalECost,2024-09-21 02:29:00,0.0
period1,sc01,t0111,TotalCCost,2024-09-21 02:29:00,0.0
period1,sc01,t0111,TotalRCost,2024-09-21 02:29:00,-0.0
period1,sc01,t0112,TotalMCost,2024-09-21 03:29:00,0.0
period1,sc01,t0112,TotalGCost,2024-09-21 03:29:00,5.45246352301094e-05
period1,sc01,t0112,TotalECost,2024-09-21 03:29:00,0.0
period1,sc01,t0112,TotalCCost,2024-09-21 03:29:00,0.0
period1,sc01,t0112,TotalRCost,2024-09-21 03:29:00,-0.0
period1,sc01,t0113,TotalMCost,2024-09-21 04:29:00,0.0
period1,sc01,t0113,TotalGCost,2024-09-21 04:29:00,5.30936456701094e-05
period1,sc01,t0113,TotalECost,2024-09-21 04:29:00,0.0
period1,sc01,t0113,TotalCCost,2024-09-21 04:29:00,0.0
period1,sc01,t0113,TotalRCost,2024-09-21 04:29:00,-0.0
period1,sc01,t0114,TotalMCost,2024-09-21 05:29:00,0.0
period1,sc01,t0114,TotalGCost,2024-09-21 05:29:00,5.21145475501094e-05
period1,sc01,t0114,TotalECost,2024-09-21 05:29:00,0.0
period1,sc01,t0114,TotalCCost,2024-09-21 05:29:00,0.0
period1,sc01,t0114,TotalRCost,2024-09-21 05:29:00,-0.0
period1,sc01,t0115,TotalMCost,2024-09-21 06:29:00,0.0
period1,sc01,t0115,TotalGCost,2024-09-21 06:29:00,5.1963917070109404e-05
period1,sc01,t0115,TotalECost,2024-09-21 06:29:00,0.0
period1,sc01,t0115,TotalCCost,2024-09-21 06:29:00,0.0
period1,sc01,t0115,TotalRCost,2024-09-21 06:29:00,-0.0
period1,sc01,t0116,TotalMCost,2024-09-21 07:29:00,0.0
period1,sc01,t0116,TotalGCost,2024-09-21 07:29:00,5.30183304301094e-05
period1,sc01,t0116,TotalECost,2024-09-21 07:29:00,0.0
period1,sc01,t0116,TotalCCost,2024-09-21 07:29:00,0.0
period1,sc01,t0116,TotalRCost,2024-09-21 07:29:00,-0.0
period1,sc01,t0117,TotalMCost,2024-09-21 08:29:00,0.0
period1,sc01,t0117,TotalGCost,2024-09-21 08:29:00,5.4976526670109404e-05
period1,sc01,t0117,TotalECost,2024-09-21 08:29:00,0.0
period1,sc01,t0117,TotalCCost,2024-09-21 08:29:00,0.0
period1,sc01,t0117,TotalRCost,2024-09-21 08:29:00,-0.0
period1,sc01,t0118,TotalMCost,2024-09-21 09:29:00,-0.00010174802613701328
period1,sc01,t0118,TotalGCost,2024-09-21 09:29:00,5.67087771901094e-05
period1,sc01,t0118,TotalECost,2024-09-21 09:29:00,0.0
period1,sc01,t0118,TotalCCost,2024-09-21 09:29:00,0.0
period1,sc01,t0118,TotalRCost,2024-09-21 09:29:00,-0.0
period1,sc01,t0119,TotalMCost,2024-09-21 10:29:00,-0.00018248192715031083
period1,sc01,t0119,TotalGCost,2024-09-21 10:29:00,5.76878753101094e-05
period1,sc01,t0119,TotalECost,2024-09-21 10:29:00,0.0
period1,sc01,t0119,TotalCCost,2024-09-21 10:29:00,0.0
period1,sc01,t0119,TotalRCost,2024-09-21 10:29:00,-0.0
period1,sc01,t0120,TotalMCost,2024-09-21 11:29:00,-0.00019856615216293493
period1,sc01,t0120,TotalGCost,2024-09-21 11:29:00,5.78385057901094e-05
period1,sc01,t0120,TotalECost,2024-09-21 11:29:00,0.0
period1,sc01,t0120,TotalCCost,2024-09-21 11:29:00,0.0
period1,sc01,t0120,TotalRCost,2024-09-21 11:29:00,-0.0
period1,sc01,t0121,TotalMCost,2024-09-21 12:29:00,0.0
period1,sc01,t0121,TotalGCost,2024-09-21 12:29:00,5.73866143501094e-05
period1,sc01,t0121,TotalECost,2024-09-21 12:29:00,0.0
period1,sc01,t0121,TotalCCost,2024-09-21 12:29:00,0.0
period1,sc01,t0121,TotalRCost,2024-09-21 12:29:00,-0.0
period1,sc01,t0122,TotalMCost,2024-09-21 13:29:00,0.0
period1,sc01,t0122,TotalGCost,2024-09-21 13:29:00,5.66334619501094e-05
period1,sc01,t0122,TotalECost,2024-09-21 13:29:00,0.0
period1,sc01,t0122,TotalCCost,2024-09-21 13:29:00,0.0
period1,sc01,t0122,TotalRCost,2024-09-21 13:29:00,-0.0
period1,sc01,t0123,TotalMCost,2024-09-21 14:29:00,0.002986132214991164
period1,sc01,t0123,TotalGCost,2024-09-21 14:29:00,5.58049943101094e-05
period1,sc01,t0123,TotalECost,2024-09-21 14:29:00,0.0
period1,sc01,t0123,TotalCCost,2024-09-21 14:29:00,0.0
period1,sc01,t0123,TotalRCost,2024-09-21 14:29:00,-0.0
period1,sc01,t0124,TotalMCost,2024-09-21 15:29:00,0.0013148026646520713
period1,sc01,t0124,TotalGCost,2024-09-21 15:29:00,5.4901211430109404e-05
period1,sc01,t0124,TotalECost,2024-09-21 15:29:00,0.0
period1,sc01,t0124,TotalCCost,2024-09-21 15:29:00,0.0
period1,sc01,t0124,TotalRCost,2024-09-21 15:29:00,-0.0
period1,sc01,t0125,TotalMCost,2024-09-21 16:29:00,0.0029481250000000002
period1,sc01,t0125,TotalGCost,2024-09-21 16:29:00,5.44493199901094e-05
period1,sc01,t0125,TotalECost,2024-09-21 16:29:00,0.0
period1,sc01,t0125,TotalCCost,2024-09-21 16:29:00,0.0
period1,sc01,t0125,TotalRCost,2024-09-21 16:29:00,-0.0
period1,sc01,t0126,TotalMCost,2024-09-21 17:29:00,0.0030118750000000002
period1,sc01,t0126,TotalGCost,2024-09-21 17:29:00,5.45246352301094e-05
period1,sc01,t0126,TotalECost,2024-09-21 17:29:00,0.0
period1,sc01,t0126,TotalCCost,2024-09-21 17:29:00,0.0
period1,sc01,t0126,TotalRCost,2024-09-21 17:29:00,-0.0
period1,sc01,t0127,TotalMCost,2024-09-21 18:29:00,4.717148600824839e-05
period1,sc01,t0127,TotalGCost,2024-09-21 18:29:00,5.50518419101094e-05
period1,sc01,t0127,TotalECost,2024-09-21 18:29:00,0.0
period1,sc01,t0127,TotalCCost,2024-09-21 18:29:00,0.0
period1,sc01,t0127,TotalRCost,2024-09-21 18:29:00,-0.0
period1,sc01,t0128,TotalMCost,2024-09-21 19:29:00,0.0
period1,sc01,t0128,TotalGCost,2024-09-21 19:29:00,5.60309400301094e-05
period1,sc01,t0128,TotalECost,2024-09-21 19:29:00,0.0
period1,sc01,t0128,TotalCCost,2024-09-21 19:29:00,0.0
period1,sc01,t0128,TotalRCost,2024-09-21 19:29:00,-0.0
period1,sc01,t0129,TotalMCost,2024-09-21 20:29:00,0.0
period1,sc01,t0129,TotalGCost,2024-09-21 20:29:00,5.7010038150109406e-05
period1,sc01,t0129,TotalECost,2024-09-21 20:29:00,0.0
period1,sc01,t0129,TotalCCost,2024-09-21 20:29:00,0.0
period1,sc01,t0129,TotalRCost,2024-09-21 20:29:00,-0.0
period1,sc01,t0130,TotalMCost,2024-09-21 21:29:00,0.0
period1,sc01,t0130,TotalGCost,2024-09-21 21:29:00,5.54284181101094e-05
period1,sc01,t0130,TotalECost,2024-09-21 21:29:00,0.0
period1,sc01,t0130,TotalCCost,2024-09-21 21:29:00,0.0
period1,sc01,t0130,TotalRCost,2024-09-21 21:29:00,-0.0
period1,sc01,t0131,TotalMCost,2024-09-21 22:29:00,0.0
period1,sc01,t0131,TotalGCost,2024-09-21 22:29:00,5.3319591390109405e-05
period1,sc01,t0131,TotalECost,2024-09-21 22:29:00,0.0
period1,sc01,t0131,TotalCCost,2024-09-21 22:29:00,0.0
period1,sc01,t0131,TotalRCost,2024-09-21 22:29:00,-0.0
period1,sc01,t0132,TotalMCost,2024-09-21 23:29:00,0.0
period1,sc01,t0132,TotalGCost,2024-09-21 23:29:00,5.53531028701094e-05
period1,sc01,t0132,TotalECost,2024-09-21 23:29:00,0.0
period1,sc01,t0132,TotalCCost,2024-09-21 23:29:00,0.0
period1,sc01,t0132,TotalRCost,2024-09-21 23:29:00,-0.0
period1,sc01,t0133,TotalMCost,2024-09-22 00:29:00,-0.00011391122928294846
period1,sc01,t0133,TotalGCost,2024-09-22 00:29:00,5.68594076701094e-05
period1,sc01,t0133,TotalECost,2024-09-22 00:29:00,0.0
period1,sc01,t0133,TotalCCost,2024-09-22 00:29:00,0.0
period1,sc01,t0133,TotalRCost,2024-09-22 00:29:00,-0.0
period1,sc01,t0134,TotalMCost,2024-09-22 01:29:00,-0.0001458636305874426
period1,sc01,t0134,TotalGCost,2024-09-22 01:29:00,5.7235983870109403e-05
period1,sc01,t0134,TotalECost,2024-09-22 01:29:00,0.0
period1,sc01,t0134,TotalCCost,2024-09-22 01:29:00,0.0
period1,sc01,t0134,TotalRCost,2024-09-22 01:29:00,-0.0
period1,sc01,t0135,TotalMCost,2024-09-22 02:29:00,0.0
period1,sc01,t0135,TotalGCost,2024-09-22 02:29:00,5.76878753101094e-05
period1,sc01,t0135,TotalECost,2024-09-22 02:29:00,0.0
period1,sc01,t0135,TotalCCost,2024-09-22 02:29:00,0.0
period1,sc01,t0135,TotalRCost,2024-09-22 02:29:00,-0.0
period1,sc01,t0136,TotalMCost,2024-09-22 03:29:00,0.0
period1,sc01,t0136,TotalGCost,2024-09-22 03:29:00,5.90435496301094e-05
period1,sc01,t0136,TotalECost,2024-09-22 03:29:00,0.0
period1,sc01,t0136,TotalCCost,2024-09-22 03:29:00,0.0
period1,sc01,t0136,TotalRCost,2024-09-22 03:29:00,-0.0
period1,sc01,t0137,TotalMCost,2024-09-22 04:29:00,-0.0006151608329481562
period1,sc01,t0137,TotalGCost,2024-09-22 04:29:00,6.25833659101094e-05
period1,sc01,t0137,TotalECost,2024-09-22 04:29:00,0.0
period1,sc01,t0137,TotalCCost,2024-09-22 04:29:00,0.0
period1,sc01,t0137,TotalRCost,2024-09-22 04:29:00,-0.0
period1,sc01,t0138,TotalMCost,2024-09-22 05:29:00,-0.0009560990848426185
period1,sc01,t0138,TotalGCost,2024-09-22 05:29:00,6.58219212301094e-05
period1,sc01,t0138,TotalECost,2024-09-22 05:29:00,0.0
period1,sc01,t0138,TotalCCost,2024-09-22 05:29:00,0.0
period1,sc01,t0138,TotalRCost,2024-09-22 05:29:00,-0.0
period1,sc01,t0139,TotalMCost,2024-09-22 06:29:00,-0.0009536864851035174
period1,sc01,t0139,TotalGCost,2024-09-22 06:29:00,6.58219212301094e-05
period1,sc01,t0139,TotalECost,2024-09-22 06:29:00,0.0
period1,sc01,t0139,TotalCCost,2024-09-22 06:29:00,0.0
period1,sc01,t0139,TotalRCost,2024-09-22 06:29:00,-0.0
period1,sc01,t0140,TotalMCost,2024-09-22 07:29:00,-0.000799079422193233
period1,sc01,t0140,TotalGCost,2024-09-22 07:29:00,6.431561643010941e-05
period1,sc01,t0140,TotalECost,2024-09-22 07:29:00,0.0
period1,sc01,t0140,TotalCCost,2024-09-22 07:29:00,0.0
period1,sc01,t0140,TotalRCost,2024-09-22 07:29:00,-0.0
period1,sc01,t0141,TotalMCost,2024-09-22 08:29:00,-0.0018122780260225514
period1,sc01,t0141,TotalGCost,2024-09-22 08:29:00,6.205615923010941e-05
period1,sc01,t0141,TotalECost,2024-09-22 08:29:00,0.0
period1,sc01,t0141,TotalCCost,2024-09-22 08:29:00,0.0
period1,sc01,t0141,TotalRCost,2024-09-22 08:29:00,-0.0
period1,sc01,t0142,TotalMCost,2024-09-22 09:29:00,-0.00040865762853054975
period1,sc01,t0142,TotalGCost,2024-09-22 09:29:00,5.99473325101094e-05
period1,sc01,t0142,TotalECost,2024-09-22 09:29:00,0.0
period1,sc01,t0142,TotalCCost,2024-09-22 09:29:00,0.0
period1,sc01,t0142,TotalRCost,2024-09-22 09:29:00,-0.0
period1,sc01,t0143,TotalMCost,2024-09-22 10:29:00,-0.0002651331061319637
period1,sc01,t0143,TotalGCost,2024-09-22 10:29:00,5.8516342950109405e-05
period1,sc01,t0143,TotalECost,2024-09-22 10:29:00,0.0
period1,sc01,t0143,TotalCCost,2024-09-22 10:29:00,0.0
period1,sc01,t0143,TotalRCost,2024-09-22 10:29:00,-0.0
period1,sc01,t0144,TotalMCost,2024-09-22 11:29:00,0.0
period1,sc01,t0144,TotalGCost,2024-09-22 11:29:00,5.80644515101094e-05
period1,sc01,t0144,TotalECost,2024-09-22 11:29:00,0.0
period1,sc01,t0144,TotalCCost,2024-09-22 11:29:00,0.0
period1,sc01,t0144,TotalRCost,2024-09-22 11:29:00,-0.0
period1,sc01,t0145,TotalMCost,2024-09-22 12:29:00,0.0
period1,sc01,t0145,TotalGCost,2024-09-22 12:29:00,5.8516342950109405e-05
period1,sc01,t0145,TotalECost,2024-09-22 12:29:00,0.0
period1,sc01,t0145,TotalCCost,2024-09-22 12:29:00,0.0
period1,sc01,t0145,TotalRCost,2024-09-22 12:29:00,-0.0
period1,sc01,t0146,TotalMCost,2024-09-22 13:29:00,0.0
period1,sc01,t0146,TotalGCost,2024-09-22 13:29:00,5.91188648701094e-05
period1,sc01,t0146,TotalECost,2024-09-22 13:29:00,0.0
period1,sc01,t0146,TotalCCost,2024-09-22 13:29:00,0.0
period1,sc01,t0146,TotalRCost,2024-09-22 13:29:00,-0.0
period1,sc01,t0147,TotalMCost,2024-09-22 14:29:00,0.0
period1,sc01,t0147,TotalGCost,2024-09-22 14:29:00,5.91188648701094e-05
period1,sc01,t0147,TotalECost,2024-09-22 14:29:00,0.0
period1,sc01,t0147,TotalCCost,2024-09-22 14:29:00,0.0
period1,sc01,t0147,TotalRCost,2024-09-22 14:29:00,-0.0
period1,sc01,t0148,TotalMCost,2024-09-22 15:29:00,0.0
period1,sc01,t0148,TotalGCost,2024-09-22 15:29:00,5.73112991101094e-05
period1,sc01,t0148,TotalECost,2024-09-22 15:29:00,0.0
period1,sc01,t0148,TotalCCost,2024-09-22 15:29:00,0.0
period1,sc01,t0148,TotalRCost,2024-09-22 15:29:00,-0.0
period1,sc01,t0149,TotalMCost,2024-09-22 16:29:00,6.1126880733463e-05
period1,sc01,t0149,TotalGCost,2024-09-22 16:29:00,5.4901211430109404e-05
period1,sc01,t0149,TotalECost,2024-09-22 16:29:00,0.0
period1,sc01,t0149,TotalCCost,2024-09-22 16:29:00,0.0
period1,sc01,t0149,TotalRCost,2024-09-22 16:29:00,-0.0
period1,sc01,t0150,TotalMCost,2024-09-22 17:29:00,0.0
period1,sc01,t0150,TotalGCost,2024-09-22 17:29:00,5.309377795999999e-05
period1,sc01,t0150,TotalECost,2024-09-22 17:29:00,0.0
period1,sc01,t0150,TotalCCost,2024-09-22 17:29:00,0.0
period1,sc01,t0150,TotalRCost,2024-09-22 17:29:00,-0.0
period1,sc01,t0151,TotalMCost,2024-09-22 18:29:00,-0.00022226209500000003
period1,sc01,t0151,TotalGCost,2024-09-22 18:29:00,0.00100233477244
period1,sc01,t0151,TotalECost,2024-09-22 18:29:00,0.0
period1,sc01,t0151,TotalCCost,2024-09-22 18:29:00,0.0
period1,sc01,t0151,TotalRCost,2024-09-22 18:29:00,-0.0
period1,sc01,t0152,TotalMCost,2024-09-22 19:29:00,-0.000195106725
period1,sc01,t0152,TotalGCost,2024-09-22 19:29:00,2.0335114799999994e-06
period1,sc01,t0152,TotalECost,2024-09-22 19:29:00,0.0
period1,sc01,t0152,TotalCCost,2024-09-22 19:29:00,0.0
period1,sc01,t0152,TotalRCost,2024-09-22 19:29:00,-0.0
period1,sc01,t0153,TotalMCost,2024-09-22 20:29:00,-0.0019591263454000014
period1,sc01,t0153,TotalGCost,2024-09-22 20:29:00,1.80756576e-06
period1,sc01,t0153,TotalECost,2024-09-22 20:29:00,0.0
period1,sc01,t0153,TotalCCost,2024-09-22 20:29:00,0.0
period1,sc01,t0153,TotalRCost,2024-09-22 20:29:00,-0.0
period1,sc01,t0154,TotalMCost,2024-09-22 21:29:00,-0.00011618727999999998
period1,sc01,t0154,TotalGCost,2024-09-22 21:29:00,1.2050438399999997e-06
period1,sc01,t0154,TotalECost,2024-09-22 21:29:00,0.0
period1,sc01,t0154,TotalCCost,2024-09-22 21:29:00,0.0
period1,sc01,t0154,TotalRCost,2024-09-22 21:29:00,-0.0
period1,sc01,t0155,TotalMCost,2024-09-22 22:29:00,-7.9326995e-05
period1,sc01,t0155,TotalGCost,2024-09-22 22:29:00,8.284676399999998e-07
period1,sc01,t0155,TotalECost,2024-09-22 22:29:00,0.0
period1,sc01,t0155,TotalCCost,2024-09-22 22:29:00,0.0
period1,sc01,t0155,TotalRCost,2024-09-22 22:29:00,-0.0
period1,sc01,t0156,TotalMCost,2024-09-22 23:29:00,-0.000158631
period1,sc01,t0156,TotalGCost,2024-09-22 23:29:00,1.6569352799999996e-06
period1,sc01,t0156,TotalECost,2024-09-22 23:29:00,0.0
period1,sc01,t0156,TotalCCost,2024-09-22 23:29:00,0.0
period1,sc01,t0156,TotalRCost,2024-09-22 23:29:00,-0.0
period1,sc01,t0157,TotalMCost,2024-09-23 00:29:00,-0.00025141655
period1,sc01,t0157,TotalGCost,2024-09-23 00:29:00,2.6360334e-06
period1,sc01,t0157,TotalECost,2024-09-23 00:29:00,0.0
period1,sc01,t0157,TotalCCost,2024-09-23 00:29:00,0.0
period1,sc01,t0157,TotalRCost,2024-09-23 00:29:00,-0.0
period1,sc01,t0158,TotalMCost,2024-09-23 01:29:00,-0.0002645480200000001
period1,sc01,t0158,TotalGCost,2024-09-23 01:29:00,2.86197912e-06
period1,sc01,t0158,TotalECost,2024-09-23 01:29:00,0.0
period1,sc01,t0158,TotalCCost,2024-09-23 01:29:00,0.0
period1,sc01,t0158,TotalRCost,2024-09-23 01:29:00,-0.0
period1,sc01,t0159,TotalMCost,2024-09-23 02:29:00,-0.00028524111
period1,sc01,t0159,TotalGCost,2024-09-23 02:29:00,3.1632400799999998e-06
period1,sc01,t0159,TotalECost,2024-09-23 02:29:00,0.0
period1,sc01,t0159,TotalCCost,2024-09-23 02:29:00,0.0
period1,sc01,t0159,TotalRCost,2024-09-23 02:29:00,-0.0
period1,sc01,t0160,TotalMCost,2024-09-23 03:29:00,0.0
period1,sc01,t0160,TotalGCost,2024-09-23 03:29:00,3.61513152e-06
period1,sc01,t0160,TotalECost,2024-09-23 03:29:00,0.0
period1,sc01,t0160,TotalCCost,2024-09-23 03:29:00,0.0
period1,sc01,t0160,TotalRCost,2024-09-23 03:29:00,-0.0
period1,sc01,t0161,TotalMCost,2024-09-23 04:29:00,-0.0004974032800000001
period1,sc01,t0161,TotalGCost,2024-09-23 04:29:00,5.34738204e-06
period1,sc01,t0161,TotalECost,2024-09-23 04:29:00,0.0
period1,sc01,t0161,TotalCCost,2024-09-23 04:29:00,0.0
period1,sc01,t0161,TotalRCost,2024-09-23 04:29:00,-0.0
period1,sc01,t0162,TotalMCost,2024-09-23 05:29:00,-0.004137383420000001
period1,sc01,t0162,TotalGCost,2024-09-23 05:29:00,6.3264801599999995e-06
period1,sc01,t0162,TotalECost,2024-09-23 05:29:00,0.0
period1,sc01,t0162,TotalCCost,2024-09-23 05:29:00,0.0
period1,sc01,t0162,TotalRCost,2024-09-23 05:29:00,-0.0
period1,sc01,t0163,TotalMCost,2024-09-23 06:29:00,-0.004111808285000001
period1,sc01,t0163,TotalGCost,2024-09-23 06:29:00,6.100534439999999e-06
period1,sc01,t0163,TotalECost,2024-09-23 06:29:00,0.0
period1,sc01,t0163,TotalCCost,2024-09-23 06:29:00,0.0
period1,sc01,t0163,TotalRCost,2024-09-23 06:29:00,-0.0
period1,sc01,t0164,TotalMCost,2024-09-23 07:29:00,-0.0005624190000000001
period1,sc01,t0164,TotalGCost,2024-09-23 07:29:00,5.874588719999999e-06
period1,sc01,t0164,TotalECost,2024-09-23 07:29:00,0.0
period1,sc01,t0164,TotalCCost,2024-09-23 07:29:00,0.0
period1,sc01,t0164,TotalRCost,2024-09-23 07:29:00,-0.0
period1,sc01,t0165,TotalMCost,2024-09-23 08:29:00,-0.0005893549200000002
period1,sc01,t0165,TotalGCost,2024-09-23 08:29:00,6.3264801599999995e-06
period1,sc01,t0165,TotalECost,2024-09-23 08:29:00,0.0
period1,sc01,t0165,TotalCCost,2024-09-23 08:29:00,0.0
period1,sc01,t0165,TotalRCost,2024-09-23 08:29:00,-0.0
period1,sc01,t0166,TotalMCost,2024-09-23 09:29:00,-0.0006517665000000001
period1,sc01,t0166,TotalGCost,2024-09-23 09:29:00,7.4562087599999995e-06
period1,sc01,t0166,TotalECost,2024-09-23 09:29:00,0.0
period1,sc01,t0166,TotalCCost,2024-09-23 09:29:00,0.0
period1,sc01,t0166,TotalRCost,2024-09-23 09:29:00,-0.0
period1,sc01,t0167,TotalMCost,2024-09-23 10:29:00,0.0
period1,sc01,t0167,TotalGCost,2024-09-23 10:29:00,9.037828799999998e-06
period1,sc01,t0167,TotalECost,2024-09-23 10:29:00,0.0
period1,sc01,t0167,TotalCCost,2024-09-23 10:29:00,0.0
period1,sc01,t0167,TotalRCost,2024-09-23 10:29:00,-0.0
period1,sc01,t0168,TotalMCost,2024-09-23 11:29:00,0.0
period1,sc01,t0168,TotalGCost,2024-09-23 11:29:00,1.0619448839999999e-05
period1,sc01,t0168,TotalECost,2024-09-23 11:29:00,0.0
period1,sc01,t0168,TotalCCost,2024-09-23 11:29:00,0.0
period1,sc01,t0168,TotalRCost,2024-09-23 11:29:00,-0.0
