Period,Scenario,LoadLevel,InitialNode,FinalNode,Circuit,Date,MW
period1,sc01,t0001,Node1,Node2,c1,2024-09-16 12:29:00,0.003981118414408402
period1,sc01,t0001,Node2,Node3,c1,2024-09-16 12:29:00,1.6815350950549757e-07
period1,sc01,t0001,Node1,Node2,c2,2024-09-16 12:29:00,0.003981118414408402
period1,sc01,t0002,Node1,Node2,c1,2024-09-16 13:29:00,0.003981118414408402
period1,sc01,t0002,Node2,Node3,c1,2024-09-16 13:29:00,1.6815350950549757e-07
period1,sc01,t0002,Node1,Node2,c2,2024-09-16 13:29:00,0.003981118414408402
period1,sc01,t0003,Node1,Node2,c1,2024-09-16 14:29:00,0.003981118414408402
period1,sc01,t0003,Node2,Node3,c1,2024-09-16 14:29:00,1.6815350950549757e-07
period1,sc01,t0003,Node1,Node2,c2,2024-09-16 14:29:00,0.003981118414408402
period1,sc01,t0004,Node1,Node2,c1,2024-09-16 15:29:00,0.003981118414408402
period1,sc01,t0004,Node2,Node3,c1,2024-09-16 15:29:00,1.6815350950549757e-07
period1,sc01,t0004,Node1,Node2,c2,2024-09-16 15:29:00,0.003981118414408402
period1,sc01,t0005,Node1,Node2,c1,2024-09-16 16:29:00,0.003981118414408402
period1,sc01,t0005,Node2,Node3,c1,2024-09-16 16:29:00,1.6815350950549757e-07
period1,sc01,t0005,Node1,Node2,c2,2024-09-16 16:29:00,0.003981118414408402
period1,sc01,t0006,Node1,Node2,c1,2024-09-16 17:29:00,0.003981118414408402
period1,sc01,t0006,Node2,Node3,c1,2024-09-16 17:29:00,1.6815350950549757e-07
period1,sc01,t0006,Node1,Node2,c2,2024-09-16 17:29:00,0.003981118414408402
period1,sc01,t0007,Node1,Node2,c1,2024-09-16 18:29:00,0.003981118414408402
period1,sc01,t0007,Node2,Node3,c1,2024-09-16 18:29:00,1.6815350950549757e-07
period1,sc01,t0007,Node1,Node2,c2,2024-09-16 18:29:00,0.003981118414408402
period1,sc01,t0008,Node1,Node2,c1,2024-09-16 19:29:00,0.003981118414408402
period1,sc01,t0008,Node2,Node3,c1,2024-09-16 19:29:00,1.6815350950549757e-07
period1,sc01,t0008,Node1,Node2,c2,2024-09-16 19:29:00,0.003981118414408402
period1,sc01,t0009,Node1,Node2,c1,2024-09-16 20:29:00,0.003981118414408402
period1,sc01,t0009,Node2,Node3,c1,2024-09-16 20:29:00,1.6815350950549757e-07
period1,sc01,t0009,Node1,Node2,c2,2024-09-16 20:29:00,0.003981118414408402
period1,sc01,t0010,Node1,Node2,c1,2024-09-16 21:29:00,0.003981118414408402
period1,sc01,t0010,Node2,Node3,c1,2024-09-16 21:29:00,1.6815350950549757e-07
period1,sc01,t0010,Node1,Node2,c2,2024-09-16 21:29:00,0.003981118414408402
period1,sc01,t0011,Node1,Node2,c1,2024-09-16 22:29:00,0.003981118414408402
period1,sc01,t0011,Node2,Node3,c1,2024-09-16 22:29:00,1.6815350950549757e-07
period1,sc01,t0011,Node1,Node2,c2,2024-09-16 22:29:00,0.003981118414408402
period1,sc01,t0012,Node1,Node2,c1,2024-09-16 23:29:00,0.003981118414408402
period1,sc01,t0012,Node2,Node3,c1,2024-09-16 23:29:00,1.6815350950549757e-07
period1,sc01,t0012,Node1,Node2,c2,2024-09-16 23:29:00,0.003981118414408402
period1,sc01,t0013,Node1,Node2,c1,2024-09-17 00:29:00,0.003981118414408402
period1,sc01,t0013,Node2,Node3,c1,2024-09-17 00:29:00,1.6815350950549757e-07
period1,sc01,t0013,Node1,Node2,c2,2024-09-17 00:29:00,0.003981118414408402
period1,sc01,t0014,Node1,Node2,c1,2024-09-17 01:29:00,0.003981118414408402
period1,sc01,t0014,Node2,Node3,c1,2024-09-17 01:29:00,1.6815350950549757e-07
period1,sc01,t0014,Node1,Node2,c2,2024-09-17 01:29:00,0.003981118414408402
period1,sc01,t0015,Node1,Node2,c1,2024-09-17 02:29:00,0.003981118414408402
period1,sc01,t0015,Node2,Node3,c1,2024-09-17 02:29:00,1.6815350950549757e-07
period1,sc01,t0015,Node1,Node2,c2,2024-09-17 02:29:00,0.003981118414408402
period1,sc01,t0016,Node1,Node2,c1,2024-09-17 03:29:00,0.003981118414408402
period1,sc01,t0016,Node2,Node3,c1,2024-09-17 03:29:00,1.6815350950549757e-07
period1,sc01,t0016,Node1,Node2,c2,2024-09-17 03:29:00,0.003981118414408402
period1,sc01,t0017,Node1,Node2,c1,2024-09-17 04:29:00,0.003981118414408402
period1,sc01,t0017,Node2,Node3,c1,2024-09-17 04:29:00,1.6815350950549757e-07
period1,sc01,t0017,Node1,Node2,c2,2024-09-17 04:29:00,0.003981118414408402
period1,sc01,t0018,Node1,Node2,c1,2024-09-17 05:29:00,0.003981118414408402
period1,sc01,t0018,Node2,Node3,c1,2024-09-17 05:29:00,1.6815350950549757e-07
period1,sc01,t0018,Node1,Node2,c2,2024-09-17 05:29:00,0.003981118414408402
period1,sc01,t0019,Node1,Node2,c1,2024-09-17 06:29:00,0.003981118414408402
period1,sc01,t0019,Node2,Node3,c1,2024-09-17 06:29:00,1.6815350950549757e-07
period1,sc01,t0019,Node1,Node2,c2,2024-09-17 06:29:00,0.003981118414408402
period1,sc01,t0020,Node1,Node2,c1,2024-09-17 07:29:00,0.003981118414408402
period1,sc01,t0020,Node2,Node3,c1,2024-09-17 07:29:00,1.6815350950549757e-07
period1,sc01,t0020,Node1,Node2,c2,2024-09-17 07:29:00,0.003981118414408402
period1,sc01,t0021,Node1,Node2,c1,2024-09-17 08:29:00,0.003981118414408402
period1,sc01,t0021,Node2,Node3,c1,2024-09-17 08:29:00,1.6815350950549757e-07
period1,sc01,t0021,Node1,Node2,c2,2024-09-17 08:29:00,0.003981118414408402
period1,sc01,t0022,Node1,Node2,c1,2024-09-17 09:29:00,0.003981118414408402
period1,sc01,t0022,Node2,Node3,c1,2024-09-17 09:29:00,1.6815350950549757e-07
period1,sc01,t0022,Node1,Node2,c2,2024-09-17 09:29:00,0.003981118414408402
period1,sc01,t0023,Node1,Node2,c1,2024-09-17 10:29:00,0.003981118414408402
period1,sc01,t0023,Node2,Node3,c1,2024-09-17 10:29:00,1.6815350950549757e-07
period1,sc01,t0023,Node1,Node2,c2,2024-09-17 10:29:00,0.003981118414408402
period1,sc01,t0024,Node1,Node2,c1,2024-09-17 11:29:00,0.003981118414408402
period1,sc01,t0024,Node2,Node3,c1,2024-09-17 11:29:00,1.6815350950549757e-07
period1,sc01,t0024,Node1,Node2,c2,2024-09-17 11:29:00,0.003981118414408402
period1,sc01,t0025,Node1,Node2,c1,2024-09-17 12:29:00,0.003981118414408402
period1,sc01,t0025,Node2,Node3,c1,2024-09-17 12:29:00,1.6815350950549757e-07
period1,sc01,t0025,Node1,Node2,c2,2024-09-17 12:29:00,0.003981118414408402
period1,sc01,t0026,Node1,Node2,c1,2024-09-17 13:29:00,0.003981118414408402
period1,sc01,t0026,Node2,Node3,c1,2024-09-17 13:29:00,1.6815350950549757e-07
period1,sc01,t0026,Node1,Node2,c2,2024-09-17 13:29:00,0.003981118414408402
period1,sc01,t0027,Node1,Node2,c1,2024-09-17 14:29:00,0.003981118414408402
period1,sc01,t0027,Node2,Node3,c1,2024-09-17 14:29:00,1.6815350950549757e-07
period1,sc01,t0027,Node1,Node2,c2,2024-09-17 14:29:00,0.003981118414408402
period1,sc01,t0028,Node1,Node2,c1,2024-09-17 15:29:00,0.003981118414408402
period1,sc01,t0028,Node2,Node3,c1,2024-09-17 15:29:00,1.6815350950549757e-07
period1,sc01,t0028,Node1,Node2,c2,2024-09-17 15:29:00,0.003981118414408402
period1,sc01,t0029,Node1,Node2,c1,2024-09-17 16:29:00,0.003981118414408402
period1,sc01,t0029,Node2,Node3,c1,2024-09-17 16:29:00,1.6815350950549757e-07
period1,sc01,t0029,Node1,Node2,c2,2024-09-17 16:29:00,0.003981118414408402
period1,sc01,t0030,Node1,Node2,c1,2024-09-17 17:29:00,0.003981118414408402
period1,sc01,t0030,Node2,Node3,c1,2024-09-17 17:29:00,1.6815350950549757e-07
period1,sc01,t0030,Node1,Node2,c2,2024-09-17 17:29:00,0.003981118414408402
period1,sc01,t0031,Node1,Node2,c1,2024-09-17 18:29:00,0.003981118414408402
period1,sc01,t0031,Node2,Node3,c1,2024-09-17 18:29:00,1.6815350950549757e-07
period1,sc01,t0031,Node1,Node2,c2,2024-09-17 18:29:00,0.003981118414408402
period1,sc01,t0032,Node1,Node2,c1,2024-09-17 19:29:00,0.003981118414408402
period1,sc01,t0032,Node2,Node3,c1,2024-09-17 19:29:00,1.6815350950549757e-07
period1,sc01,t0032,Node1,Node2,c2,2024-09-17 19:29:00,0.003981118414408402
period1,sc01,t0033,Node1,Node2,c1,2024-09-17 20:29:00,0.003981118414408402
period1,sc01,t0033,Node2,Node3,c1,2024-09-17 20:29:00,1.6815350950549757e-07
period1,sc01,t0033,Node1,Node2,c2,2024-09-17 20:29:00,0.003981118414408402
period1,sc01,t0034,Node1,Node2,c1,2024-09-17 21:29:00,0.003981118414408402
period1,sc01,t0034,Node2,Node3,c1,2024-09-17 21:29:00,1.6815350950549757e-07
period1,sc01,t0034,Node1,Node2,c2,2024-09-17 21:29:00,0.003981118414408402
period1,sc01,t0035,Node1,Node2,c1,2024-09-17 22:29:00,0.003981118414408402
period1,sc01,t0035,Node2,Node3,c1,2024-09-17 22:29:00,1.6815350950549757e-07
period1,sc01,t0035,Node1,Node2,c2,2024-09-17 22:29:00,0.003981118414408402
period1,sc01,t0036,Node1,Node2,c1,2024-09-17 23:29:00,0.003981118414408402
period1,sc01,t0036,Node2,Node3,c1,2024-09-17 23:29:00,1.6815350950549757e-07
period1,sc01,t0036,Node1,Node2,c2,2024-09-17 23:29:00,0.003981118414408402
period1,sc01,t0037,Node1,Node2,c1,2024-09-18 00:29:00,0.003981118414408402
period1,sc01,t0037,Node2,Node3,c1,2024-09-18 00:29:00,1.6815350950549757e-07
period1,sc01,t0037,Node1,Node2,c2,2024-09-18 00:29:00,0.003981118414408402
period1,sc01,t0038,Node1,Node2,c1,2024-09-18 01:29:00,0.003981118414408402
period1,sc01,t0038,Node2,Node3,c1,2024-09-18 01:29:00,1.6815350950549757e-07
period1,sc01,t0038,Node1,Node2,c2,2024-09-18 01:29:00,0.003981118414408402
period1,sc01,t0039,Node1,Node2,c1,2024-09-18 02:29:00,0.003981118414408402
period1,sc01,t0039,Node2,Node3,c1,2024-09-18 02:29:00,1.6815350950549757e-07
period1,sc01,t0039,Node1,Node2,c2,2024-09-18 02:29:00,0.003981118414408402
period1,sc01,t0040,Node1,Node2,c1,2024-09-18 03:29:00,0.003981118414408402
period1,sc01,t0040,Node2,Node3,c1,2024-09-18 03:29:00,1.6815350950549757e-07
period1,sc01,t0040,Node1,Node2,c2,2024-09-18 03:29:00,0.003981118414408402
period1,sc01,t0041,Node1,Node2,c1,2024-09-18 04:29:00,0.003981118414408402
period1,sc01,t0041,Node2,Node3,c1,2024-09-18 04:29:00,1.6815350950549757e-07
period1,sc01,t0041,Node1,Node2,c2,2024-09-18 04:29:00,0.003981118414408402
period1,sc01,t0042,Node1,Node2,c1,2024-09-18 05:29:00,0.003981118414408402
period1,sc01,t0042,Node2,Node3,c1,2024-09-18 05:29:00,1.6815350950549757e-07
period1,sc01,t0042,Node1,Node2,c2,2024-09-18 05:29:00,0.003981118414408402
period1,sc01,t0043,Node1,Node2,c1,2024-09-18 06:29:00,0.003981118414408402
period1,sc01,t0043,Node2,Node3,c1,2024-09-18 06:29:00,1.6815350950549757e-07
period1,sc01,t0043,Node1,Node2,c2,2024-09-18 06:29:00,0.003981118414408402
period1,sc01,t0044,Node1,Node2,c1,2024-09-18 07:29:00,0.003981118414408402
period1,sc01,t0044,Node2,Node3,c1,2024-09-18 07:29:00,1.6815350950549757e-07
period1,sc01,t0044,Node1,Node2,c2,2024-09-18 07:29:00,0.003981118414408402
period1,sc01,t0045,Node1,Node2,c1,2024-09-18 08:29:00,0.003981118414408402
period1,sc01,t0045,Node2,Node3,c1,2024-09-18 08:29:00,1.6815350950549757e-07
period1,sc01,t0045,Node1,Node2,c2,2024-09-18 08:29:00,0.003981118414408402
period1,sc01,t0046,Node1,Node2,c1,2024-09-18 09:29:00,0.003981118414408402
period1,sc01,t0046,Node2,Node3,c1,2024-09-18 09:29:00,1.6815350950549757e-07
period1,sc01,t0046,Node1,Node2,c2,2024-09-18 09:29:00,0.003981118414408402
period1,sc01,t0047,Node1,Node2,c1,2024-09-18 10:29:00,0.003981118414408402
period1,sc01,t0047,Node2,Node3,c1,2024-09-18 10:29:00,1.6815350950549757e-07
period1,sc01,t0047,Node1,Node2,c2,2024-09-18 10:29:00,0.003981118414408402
period1,sc01,t0048,Node1,Node2,c1,2024-09-18 11:29:00,0.003981118414408402
period1,sc01,t0048,Node2,Node3,c1,2024-09-18 11:29:00,1.6815350950549757e-07
period1,sc01,t0048,Node1,Node2,c2,2024-09-18 11:29:00,0.003981118414408402
period1,sc01,t0049,Node1,Node2,c1,2024-09-18 12:29:00,0.003981118414408402
period1,sc01,t0049,Node2,Node3,c1,2024-09-18 12:29:00,1.6815350950549757e-07
period1,sc01,t0049,Node1,Node2,c2,2024-09-18 12:29:00,0.003981118414408402
period1,sc01,t0050,Node1,Node2,c1,2024-09-18 13:29:00,0.003981118414408402
period1,sc01,t0050,Node2,Node3,c1,2024-09-18 13:29:00,1.6815350950549757e-07
period1,sc01,t0050,Node1,Node2,c2,2024-09-18 13:29:00,0.003981118414408402
period1,sc01,t0051,Node1,Node2,c1,2024-09-18 14:29:00,0.003981118414408402
period1,sc01,t0051,Node2,Node3,c1,2024-09-18 14:29:00,1.6815350950549757e-07
period1,sc01,t0051,Node1,Node2,c2,2024-09-18 14:29:00,0.003981118414408402
period1,sc01,t0052,Node1,Node2,c1,2024-09-18 15:29:00,0.003981118414408402
period1,sc01,t0052,Node2,Node3,c1,2024-09-18 15:29:00,1.6815350950549757e-07
period1,sc01,t0052,Node1,Node2,c2,2024-09-18 15:29:00,0.003981118414408402
period1,sc01,t0053,Node1,Node2,c1,2024-09-18 16:29:00,0.003981118414408402
period1,sc01,t0053,Node2,Node3,c1,2024-09-18 16:29:00,1.6815350950549757e-07
period1,sc01,t0053,Node1,Node2,c2,2024-09-18 16:29:00,0.003981118414408402
period1,sc01,t0054,Node1,Node2,c1,2024-09-18 17:29:00,0.003981118414408402
period1,sc01,t0054,Node2,Node3,c1,2024-09-18 17:29:00,1.6815350950549757e-07
period1,sc01,t0054,Node1,Node2,c2,2024-09-18 17:29:00,0.003981118414408402
period1,sc01,t0055,Node1,Node2,c1,2024-09-18 18:29:00,0.003981118414408402
period1,sc01,t0055,Node2,Node3,c1,2024-09-18 18:29:00,1.6815350950549757e-07
period1,sc01,t0055,Node1,Node2,c2,2024-09-18 18:29:00,0.003981118414408402
period1,sc01,t0056,Node1,Node2,c1,2024-09-18 19:29:00,0.003981118414408402
period1,sc01,t0056,Node2,Node3,c1,2024-09-18 19:29:00,1.6815350950549757e-07
period1,sc01,t0056,Node1,Node2,c2,2024-09-18 19:29:00,0.003981118414408402
period1,sc01,t0057,Node1,Node2,c1,2024-09-18 20:29:00,0.003981118414408402
period1,sc01,t0057,Node2,Node3,c1,2024-09-18 20:29:00,1.6815350950549757e-07
period1,sc01,t0057,Node1,Node2,c2,2024-09-18 20:29:00,0.003981118414408402
period1,sc01,t0058,Node1,Node2,c1,2024-09-18 21:29:00,0.003981118414408402
period1,sc01,t0058,Node2,Node3,c1,2024-09-18 21:29:00,1.6815350950549757e-07
period1,sc01,t0058,Node1,Node2,c2,2024-09-18 21:29:00,0.003981118414408402
period1,sc01,t0059,Node1,Node2,c1,2024-09-18 22:29:00,0.003981118414408402
period1,sc01,t0059,Node2,Node3,c1,2024-09-18 22:29:00,1.6815350950549757e-07
period1,sc01,t0059,Node1,Node2,c2,2024-09-18 22:29:00,0.003981118414408402
period1,sc01,t0060,Node1,Node2,c1,2024-09-18 23:29:00,0.003981118414408402
period1,sc01,t0060,Node2,Node3,c1,2024-09-18 23:29:00,1.6815350950549757e-07
period1,sc01,t0060,Node1,Node2,c2,2024-09-18 23:29:00,0.003981118414408402
period1,sc01,t0061,Node1,Node2,c1,2024-09-19 00:29:00,0.003981118414408402
period1,sc01,t0061,Node2,Node3,c1,2024-09-19 00:29:00,1.6815350950549757e-07
period1,sc01,t0061,Node1,Node2,c2,2024-09-19 00:29:00,0.003981118414408402
period1,sc01,t0062,Node1,Node2,c1,2024-09-19 01:29:00,0.003981118414408402
period1,sc01,t0062,Node2,Node3,c1,2024-09-19 01:29:00,1.6815350950549757e-07
period1,sc01,t0062,Node1,Node2,c2,2024-09-19 01:29:00,0.003981118414408402
period1,sc01,t0063,Node1,Node2,c1,2024-09-19 02:29:00,0.003981118414408402
period1,sc01,t0063,Node2,Node3,c1,2024-09-19 02:29:00,1.6815350950549757e-07
period1,sc01,t0063,Node1,Node2,c2,2024-09-19 02:29:00,0.003981118414408402
period1,sc01,t0064,Node1,Node2,c1,2024-09-19 03:29:00,0.003981118414408402
period1,sc01,t0064,Node2,Node3,c1,2024-09-19 03:29:00,1.6815350950549757e-07
period1,sc01,t0064,Node1,Node2,c2,2024-09-19 03:29:00,0.003981118414408402
period1,sc01,t0065,Node1,Node2,c1,2024-09-19 04:29:00,0.003981118414408402
period1,sc01,t0065,Node2,Node3,c1,2024-09-19 04:29:00,1.6815350950549757e-07
period1,sc01,t0065,Node1,Node2,c2,2024-09-19 04:29:00,0.003981118414408402
period1,sc01,t0066,Node1,Node2,c1,2024-09-19 05:29:00,0.003981118414408402
period1,sc01,t0066,Node2,Node3,c1,2024-09-19 05:29:00,1.6815350950549757e-07
period1,sc01,t0066,Node1,Node2,c2,2024-09-19 05:29:00,0.003981118414408402
period1,sc01,t0067,Node1,Node2,c1,2024-09-19 06:29:00,0.003981118414408402
period1,sc01,t0067,Node2,Node3,c1,2024-09-19 06:29:00,1.6815350950549757e-07
period1,sc01,t0067,Node1,Node2,c2,2024-09-19 06:29:00,0.003981118414408402
period1,sc01,t0068,Node1,Node2,c1,2024-09-19 07:29:00,0.003981118414408402
period1,sc01,t0068,Node2,Node3,c1,2024-09-19 07:29:00,1.6815350950549757e-07
period1,sc01,t0068,Node1,Node2,c2,2024-09-19 07:29:00,0.003981118414408402
period1,sc01,t0069,Node1,Node2,c1,2024-09-19 08:29:00,0.003981118414408402
period1,sc01,t0069,Node2,Node3,c1,2024-09-19 08:29:00,1.6815350950549757e-07
period1,sc01,t0069,Node1,Node2,c2,2024-09-19 08:29:00,0.003981118414408402
period1,sc01,t0070,Node1,Node2,c1,2024-09-19 09:29:00,0.003981118414408402
period1,sc01,t0070,Node2,Node3,c1,2024-09-19 09:29:00,1.6815350950549757e-07
period1,sc01,t0070,Node1,Node2,c2,2024-09-19 09:29:00,0.003981118414408402
period1,sc01,t0071,Node1,Node2,c1,2024-09-19 10:29:00,0.003981118414408402
period1,sc01,t0071,Node2,Node3,c1,2024-09-19 10:29:00,1.6815350950549757e-07
period1,sc01,t0071,Node1,Node2,c2,2024-09-19 10:29:00,0.003981118414408402
period1,sc01,t0072,Node1,Node2,c1,2024-09-19 11:29:00,0.003981118414408402
period1,sc01,t0072,Node2,Node3,c1,2024-09-19 11:29:00,1.6815350950549757e-07
period1,sc01,t0072,Node1,Node2,c2,2024-09-19 11:29:00,0.003981118414408402
period1,sc01,t0073,Node1,Node2,c1,2024-09-19 12:29:00,0.003981118414408402
period1,sc01,t0073,Node2,Node3,c1,2024-09-19 12:29:00,1.6815350950549757e-07
period1,sc01,t0073,Node1,Node2,c2,2024-09-19 12:29:00,0.003981118414408402
period1,sc01,t0074,Node1,Node2,c1,2024-09-19 13:29:00,0.003981118414408402
period1,sc01,t0074,Node2,Node3,c1,2024-09-19 13:29:00,1.6815350950549757e-07
period1,sc01,t0074,Node1,Node2,c2,2024-09-19 13:29:00,0.003981118414408402
period1,sc01,t0075,Node1,Node2,c1,2024-09-19 14:29:00,0.003981118414408402
period1,sc01,t0075,Node2,Node3,c1,2024-09-19 14:29:00,1.6815350950549757e-07
period1,sc01,t0075,Node1,Node2,c2,2024-09-19 14:29:00,0.003981118414408402
period1,sc01,t0076,Node1,Node2,c1,2024-09-19 15:29:00,0.003981118414408402
period1,sc01,t0076,Node2,Node3,c1,2024-09-19 15:29:00,1.6815350950549757e-07
period1,sc01,t0076,Node1,Node2,c2,2024-09-19 15:29:00,0.003981118414408402
period1,sc01,t0077,Node1,Node2,c1,2024-09-19 16:29:00,0.003981118414408402
period1,sc01,t0077,Node2,Node3,c1,2024-09-19 16:29:00,1.6815350950549757e-07
period1,sc01,t0077,Node1,Node2,c2,2024-09-19 16:29:00,0.003981118414408402
period1,sc01,t0078,Node1,Node2,c1,2024-09-19 17:29:00,0.003981118414408402
period1,sc01,t0078,Node2,Node3,c1,2024-09-19 17:29:00,1.6815350950549757e-07
period1,sc01,t0078,Node1,Node2,c2,2024-09-19 17:29:00,0.003981118414408402
period1,sc01,t0079,Node1,Node2,c1,2024-09-19 18:29:00,0.003981118414408402
period1,sc01,t0079,Node2,Node3,c1,2024-09-19 18:29:00,1.6815350950549757e-07
period1,sc01,t0079,Node1,Node2,c2,2024-09-19 18:29:00,0.003981118414408402
period1,sc01,t0080,Node1,Node2,c1,2024-09-19 19:29:00,0.003981118414408402
period1,sc01,t0080,Node2,Node3,c1,2024-09-19 19:29:00,1.6815350950549757e-07
period1,sc01,t0080,Node1,Node2,c2,2024-09-19 19:29:00,0.003981118414408402
period1,sc01,t0081,Node1,Node2,c1,2024-09-19 20:29:00,0.003981118414408402
period1,sc01,t0081,Node2,Node3,c1,2024-09-19 20:29:00,1.6815350950549757e-07
period1,sc01,t0081,Node1,Node2,c2,2024-09-19 20:29:00,0.003981118414408402
period1,sc01,t0082,Node1,Node2,c1,2024-09-19 21:29:00,0.003981118414408402
period1,sc01,t0082,Node2,Node3,c1,2024-09-19 21:29:00,1.6815350950549757e-07
period1,sc01,t0082,Node1,Node2,c2,2024-09-19 21:29:00,0.003981118414408402
period1,sc01,t0083,Node1,Node2,c1,2024-09-19 22:29:00,0.003981118414408402
period1,sc01,t0083,Node2,Node3,c1,2024-09-19 22:29:00,1.6815350950549757e-07
period1,sc01,t0083,Node1,Node2,c2,2024-09-19 22:29:00,0.003981118414408402
period1,sc01,t0084,Node1,Node2,c1,2024-09-19 23:29:00,0.003981118414408402
period1,sc01,t0084,Node2,Node3,c1,2024-09-19 23:29:00,1.6815350950549757e-07
period1,sc01,t0084,Node1,Node2,c2,2024-09-19 23:29:00,0.003981118414408402
period1,sc01,t0085,Node1,Node2,c1,2024-09-20 00:29:00,0.003981118414408402
period1,sc01,t0085,Node2,Node3,c1,2024-09-20 00:29:00,1.6815350950549757e-07
period1,sc01,t0085,Node1,Node2,c2,2024-09-20 00:29:00,0.003981118414408402
period1,sc01,t0086,Node1,Node2,c1,2024-09-20 01:29:00,0.003981118414408402
period1,sc01,t0086,Node2,Node3,c1,2024-09-20 01:29:00,1.6815350950549757e-07
period1,sc01,t0086,Node1,Node2,c2,2024-09-20 01:29:00,0.003981118414408402
period1,sc01,t0087,Node1,Node2,c1,2024-09-20 02:29:00,0.003981118414408402
period1,sc01,t0087,Node2,Node3,c1,2024-09-20 02:29:00,1.6815350950549757e-07
period1,sc01,t0087,Node1,Node2,c2,2024-09-20 02:29:00,0.003981118414408402
period1,sc01,t0088,Node1,Node2,c1,2024-09-20 03:29:00,0.003981118414408402
period1,sc01,t0088,Node2,Node3,c1,2024-09-20 03:29:00,1.6815350950549757e-07
period1,sc01,t0088,Node1,Node2,c2,2024-09-20 03:29:00,0.003981118414408402
period1,sc01,t0089,Node1,Node2,c1,2024-09-20 04:29:00,0.003981118414408402
period1,sc01,t0089,Node2,Node3,c1,2024-09-20 04:29:00,1.6815350950549757e-07
period1,sc01,t0089,Node1,Node2,c2,2024-09-20 04:29:00,0.003981118414408402
period1,sc01,t0090,Node1,Node2,c1,2024-09-20 05:29:00,0.003981118414408402
period1,sc01,t0090,Node2,Node3,c1,2024-09-20 05:29:00,1.6815350950549757e-07
period1,sc01,t0090,Node1,Node2,c2,2024-09-20 05:29:00,0.003981118414408402
period1,sc01,t0091,Node1,Node2,c1,2024-09-20 06:29:00,0.003981118414408402
period1,sc01,t0091,Node2,Node3,c1,2024-09-20 06:29:00,1.6815350950549757e-07
period1,sc01,t0091,Node1,Node2,c2,2024-09-20 06:29:00,0.003981118414408402
period1,sc01,t0092,Node1,Node2,c1,2024-09-20 07:29:00,0.003981118414408402
period1,sc01,t0092,Node2,Node3,c1,2024-09-20 07:29:00,1.6815350950549757e-07
period1,sc01,t0092,Node1,Node2,c2,2024-09-20 07:29:00,0.003981118414408402
period1,sc01,t0093,Node1,Node2,c1,2024-09-20 08:29:00,0.003981118414408402
period1,sc01,t0093,Node2,Node3,c1,2024-09-20 08:29:00,1.6815350950549757e-07
period1,sc01,t0093,Node1,Node2,c2,2024-09-20 08:29:00,0.003981118414408402
period1,sc01,t0094,Node1,Node2,c1,2024-09-20 09:29:00,0.003981118414408402
period1,sc01,t0094,Node2,Node3,c1,2024-09-20 09:29:00,1.6815350950549757e-07
period1,sc01,t0094,Node1,Node2,c2,2024-09-20 09:29:00,0.003981118414408402
period1,sc01,t0095,Node1,Node2,c1,2024-09-20 10:29:00,0.003981118414408402
period1,sc01,t0095,Node2,Node3,c1,2024-09-20 10:29:00,1.6815350950549757e-07
period1,sc01,t0095,Node1,Node2,c2,2024-09-20 10:29:00,0.003981118414408402
period1,sc01,t0096,Node1,Node2,c1,2024-09-20 11:29:00,0.003981118414408402
period1,sc01,t0096,Node2,Node3,c1,2024-09-20 11:29:00,1.6815350950549757e-07
period1,sc01,t0096,Node1,Node2,c2,2024-09-20 11:29:00,0.003981118414408402
period1,sc01,t0097,Node1,Node2,c1,2024-09-20 12:29:00,0.003981118414408402
period1,sc01,t0097,Node2,Node3,c1,2024-09-20 12:29:00,1.6815350950549757e-07
period1,sc01,t0097,Node1,Node2,c2,2024-09-20 12:29:00,0.003981118414408402
period1,sc01,t0098,Node1,Node2,c1,2024-09-20 13:29:00,0.003981118414408402
period1,sc01,t0098,Node2,Node3,c1,2024-09-20 13:29:00,1.6815350950549757e-07
period1,sc01,t0098,Node1,Node2,c2,2024-09-20 13:29:00,0.003981118414408402
period1,sc01,t0099,Node1,Node2,c1,2024-09-20 14:29:00,0.003981118414408402
period1,sc01,t0099,Node2,Node3,c1,2024-09-20 14:29:00,1.6815350950549757e-07
period1,sc01,t0099,Node1,Node2,c2,2024-09-20 14:29:00,0.003981118414408402
period1,sc01,t0100,Node1,Node2,c1,2024-09-20 15:29:00,0.003981118414408402
period1,sc01,t0100,Node2,Node3,c1,2024-09-20 15:29:00,1.6815350950549757e-07
period1,sc01,t0100,Node1,Node2,c2,2024-09-20 15:29:00,0.003981118414408402
period1,sc01,t0101,Node1,Node2,c1,2024-09-20 16:29:00,0.003981118414408402
period1,sc01,t0101,Node2,Node3,c1,2024-09-20 16:29:00,1.6815350950549757e-07
period1,sc01,t0101,Node1,Node2,c2,2024-09-20 16:29:00,0.003981118414408402
period1,sc01,t0102,Node1,Node2,c1,2024-09-20 17:29:00,0.003981118414408402
period1,sc01,t0102,Node2,Node3,c1,2024-09-20 17:29:00,1.6815350950549757e-07
period1,sc01,t0102,Node1,Node2,c2,2024-09-20 17:29:00,0.003981118414408402
period1,sc01,t0103,Node1,Node2,c1,2024-09-20 18:29:00,0.003981118414408402
period1,sc01,t0103,Node2,Node3,c1,2024-09-20 18:29:00,1.6815350950549757e-07
period1,sc01,t0103,Node1,Node2,c2,2024-09-20 18:29:00,0.003981118414408402
period1,sc01,t0104,Node1,Node2,c1,2024-09-20 19:29:00,0.003981118414408402
period1,sc01,t0104,Node2,Node3,c1,2024-09-20 19:29:00,1.6815350950549757e-07
period1,sc01,t0104,Node1,Node2,c2,2024-09-20 19:29:00,0.003981118414408402
period1,sc01,t0105,Node1,Node2,c1,2024-09-20 20:29:00,0.003981118414408402
period1,sc01,t0105,Node2,Node3,c1,2024-09-20 20:29:00,1.6815350950549757e-07
period1,sc01,t0105,Node1,Node2,c2,2024-09-20 20:29:00,0.003981118414408402
period1,sc01,t0106,Node1,Node2,c1,2024-09-20 21:29:00,0.003981118414408402
period1,sc01,t0106,Node2,Node3,c1,2024-09-20 21:29:00,1.6815350950549757e-07
period1,sc01,t0106,Node1,Node2,c2,2024-09-20 21:29:00,0.003981118414408402
period1,sc01,t0107,Node1,Node2,c1,2024-09-20 22:29:00,0.003981118414408402
period1,sc01,t0107,Node2,Node3,c1,2024-09-20 22:29:00,1.6815350950549757e-07
period1,sc01,t0107,Node1,Node2,c2,2024-09-20 22:29:00,0.003981118414408402
period1,sc01,t0108,Node1,Node2,c1,2024-09-20 23:29:00,0.003981118414408402
period1,sc01,t0108,Node2,Node3,c1,2024-09-20 23:29:00,1.6815350950549757e-07
period1,sc01,t0108,Node1,Node2,c2,2024-09-20 23:29:00,0.003981118414408402
period1,sc01,t0109,Node1,Node2,c1,2024-09-21 00:29:00,0.003981118414408402
period1,sc01,t0109,Node2,Node3,c1,2024-09-21 00:29:00,1.6815350950549757e-07
period1,sc01,t0109,Node1,Node2,c2,2024-09-21 00:29:00,0.003981118414408402
period1,sc01,t0110,Node1,Node2,c1,2024-09-21 01:29:00,0.003981118414408402
period1,sc01,t0110,Node2,Node3,c1,2024-09-21 01:29:00,1.6815350950549757e-07
period1,sc01,t0110,Node1,Node2,c2,2024-09-21 01:29:00,0.003981118414408402
period1,sc01,t0111,Node1,Node2,c1,2024-09-21 02:29:00,0.003981118414408402
period1,sc01,t0111,Node2,Node3,c1,2024-09-21 02:29:00,1.6815350950549757e-07
period1,sc01,t0111,Node1,Node2,c2,2024-09-21 02:29:00,0.003981118414408402
period1,sc01,t0112,Node1,Node2,c1,2024-09-21 03:29:00,0.003981118414408402
period1,sc01,t0112,Node2,Node3,c1,2024-09-21 03:29:00,1.6815350950549757e-07
period1,sc01,t0112,Node1,Node2,c2,2024-09-21 03:29:00,0.003981118414408402
period1,sc01,t0113,Node1,Node2,c1,2024-09-21 04:29:00,0.003981118414408402
period1,sc01,t0113,Node2,Node3,c1,2024-09-21 04:29:00,1.6815350950549757e-07
period1,sc01,t0113,Node1,Node2,c2,2024-09-21 04:29:00,0.003981118414408402
period1,sc01,t0114,Node1,Node2,c1,2024-09-21 05:29:00,0.003981118414408402
period1,sc01,t0114,Node2,Node3,c1,2024-09-21 05:29:00,1.6815350950549757e-07
period1,sc01,t0114,Node1,Node2,c2,2024-09-21 05:29:00,0.003981118414408402
period1,sc01,t0115,Node1,Node2,c1,2024-09-21 06:29:00,0.003981118414408402
period1,sc01,t0115,Node2,Node3,c1,2024-09-21 06:29:00,1.6815350950549757e-07
period1,sc01,t0115,Node1,Node2,c2,2024-09-21 06:29:00,0.003981118414408402
period1,sc01,t0116,Node1,Node2,c1,2024-09-21 07:29:00,0.003981118414408402
period1,sc01,t0116,Node2,Node3,c1,2024-09-21 07:29:00,1.6815350950549757e-07
period1,sc01,t0116,Node1,Node2,c2,2024-09-21 07:29:00,0.003981118414408402
period1,sc01,t0117,Node1,Node2,c1,2024-09-21 08:29:00,0.003981118414408402
period1,sc01,t0117,Node2,Node3,c1,2024-09-21 08:29:00,1.6815350950549757e-07
period1,sc01,t0117,Node1,Node2,c2,2024-09-21 08:29:00,0.003981118414408402
period1,sc01,t0118,Node1,Node2,c1,2024-09-21 09:29:00,0.003981118414408402
period1,sc01,t0118,Node2,Node3,c1,2024-09-21 09:29:00,1.6815350950549757e-07
period1,sc01,t0118,Node1,Node2,c2,2024-09-21 09:29:00,0.003981118414408402
period1,sc01,t0119,Node1,Node2,c1,2024-09-21 10:29:00,0.003981118414408402
period1,sc01,t0119,Node2,Node3,c1,2024-09-21 10:29:00,1.6815350950549757e-07
period1,sc01,t0119,Node1,Node2,c2,2024-09-21 10:29:00,0.003981118414408402
period1,sc01,t0120,Node1,Node2,c1,2024-09-21 11:29:00,0.003981118414408402
period1,sc01,t0120,Node2,Node3,c1,2024-09-21 11:29:00,1.6815350950549757e-07
period1,sc01,t0120,Node1,Node2,c2,2024-09-21 11:29:00,0.003981118414408402
period1,sc01,t0121,Node1,Node2,c1,2024-09-21 12:29:00,0.003981118414408402
period1,sc01,t0121,Node2,Node3,c1,2024-09-21 12:29:00,1.6815350950549757e-07
period1,sc01,t0121,Node1,Node2,c2,2024-09-21 12:29:00,0.003981118414408402
period1,sc01,t0122,Node1,Node2,c1,2024-09-21 13:29:00,0.003981118414408402
period1,sc01,t0122,Node2,Node3,c1,2024-09-21 13:29:00,1.6815350950549757e-07
period1,sc01,t0122,Node1,Node2,c2,2024-09-21 13:29:00,0.003981118414408402
period1,sc01,t0123,Node1,Node2,c1,2024-09-21 14:29:00,0.003981118414408402
period1,sc01,t0123,Node2,Node3,c1,2024-09-21 14:29:00,1.6815350950549757e-07
period1,sc01,t0123,Node1,Node2,c2,2024-09-21 14:29:00,0.003981118414408402
period1,sc01,t0124,Node1,Node2,c1,2024-09-21 15:29:00,0.003981118414408402
period1,sc01,t0124,Node2,Node3,c1,2024-09-21 15:29:00,1.6815350950549757e-07
period1,sc01,t0124,Node1,Node2,c2,2024-09-21 15:29:00,0.003981118414408402
period1,sc01,t0125,Node1,Node2,c1,2024-09-21 16:29:00,0.003981118414408402
period1,sc01,t0125,Node2,Node3,c1,2024-09-21 16:29:00,1.6815350950549757e-07
period1,sc01,t0125,Node1,Node2,c2,2024-09-21 16:29:00,0.003981118414408402
period1,sc01,t0126,Node1,Node2,c1,2024-09-21 17:29:00,0.003981118414408402
period1,sc01,t0126,Node2,Node3,c1,2024-09-21 17:29:00,1.6815350950549757e-07
period1,sc01,t0126,Node1,Node2,c2,2024-09-21 17:29:00,0.003981118414408402
period1,sc01,t0127,Node1,Node2,c1,2024-09-21 18:29:00,0.003981118414408402
period1,sc01,t0127,Node2,Node3,c1,2024-09-21 18:29:00,1.6815350950549757e-07
period1,sc01,t0127,Node1,Node2,c2,2024-09-21 18:29:00,0.003981118414408402
period1,sc01,t0128,Node1,Node2,c1,2024-09-21 19:29:00,0.003981118414408402
period1,sc01,t0128,Node2,Node3,c1,2024-09-21 19:29:00,1.6815350950549757e-07
period1,sc01,t0128,Node1,Node2,c2,2024-09-21 19:29:00,0.003981118414408402
period1,sc01,t0129,Node1,Node2,c1,2024-09-21 20:29:00,0.003981118414408402
period1,sc01,t0129,Node2,Node3,c1,2024-09-21 20:29:00,1.6815350950549757e-07
period1,sc01,t0129,Node1,Node2,c2,2024-09-21 20:29:00,0.003981118414408402
period1,sc01,t0130,Node1,Node2,c1,2024-09-21 21:29:00,0.003981118414408402
period1,sc01,t0130,Node2,Node3,c1,2024-09-21 21:29:00,1.6815350950549757e-07
period1,sc01,t0130,Node1,Node2,c2,2024-09-21 21:29:00,0.003981118414408402
period1,sc01,t0131,Node1,Node2,c1,2024-09-21 22:29:00,0.003981118414408402
period1,sc01,t0131,Node2,Node3,c1,2024-09-21 22:29:00,1.6815350950549757e-07
period1,sc01,t0131,Node1,Node2,c2,2024-09-21 22:29:00,0.003981118414408402
period1,sc01,t0132,Node1,Node2,c1,2024-09-21 23:29:00,0.003981118414408402
period1,sc01,t0132,Node2,Node3,c1,2024-09-21 23:29:00,1.6815350950549757e-07
period1,sc01,t0132,Node1,Node2,c2,2024-09-21 23:29:00,0.003981118414408402
period1,sc01,t0133,Node1,Node2,c1,2024-09-22 00:29:00,0.003981118414408402
period1,sc01,t0133,Node2,Node3,c1,2024-09-22 00:29:00,1.6815350950549757e-07
period1,sc01,t0133,Node1,Node2,c2,2024-09-22 00:29:00,0.003981118414408402
period1,sc01,t0134,Node1,Node2,c1,2024-09-22 01:29:00,0.003981118414408402
period1,sc01,t0134,Node2,Node3,c1,2024-09-22 01:29:00,1.6815350950549757e-07
period1,sc01,t0134,Node1,Node2,c2,2024-09-22 01:29:00,0.003981118414408402
period1,sc01,t0135,Node1,Node2,c1,2024-09-22 02:29:00,0.003981118414408402
period1,sc01,t0135,Node2,Node3,c1,2024-09-22 02:29:00,1.6815350950549757e-07
period1,sc01,t0135,Node1,Node2,c2,2024-09-22 02:29:00,0.003981118414408402
period1,sc01,t0136,Node1,Node2,c1,2024-09-22 03:29:00,0.003981118414408402
period1,sc01,t0136,Node2,Node3,c1,2024-09-22 03:29:00,1.6815350950549757e-07
period1,sc01,t0136,Node1,Node2,c2,2024-09-22 03:29:00,0.003981118414408402
period1,sc01,t0137,Node1,Node2,c1,2024-09-22 04:29:00,0.003981118414408402
period1,sc01,t0137,Node2,Node3,c1,2024-09-22 04:29:00,1.6815350950549757e-07
period1,sc01,t0137,Node1,Node2,c2,2024-09-22 04:29:00,0.003981118414408402
period1,sc01,t0138,Node1,Node2,c1,2024-09-22 05:29:00,0.003981118414408402
period1,sc01,t0138,Node2,Node3,c1,2024-09-22 05:29:00,1.6815350950549757e-07
period1,sc01,t0138,Node1,Node2,c2,2024-09-22 05:29:00,0.003981118414408402
period1,sc01,t0139,Node1,Node2,c1,2024-09-22 06:29:00,0.003981118414408402
period1,sc01,t0139,Node2,Node3,c1,2024-09-22 06:29:00,1.6815350950549757e-07
period1,sc01,t0139,Node1,Node2,c2,2024-09-22 06:29:00,0.003981118414408402
period1,sc01,t0140,Node1,Node2,c1,2024-09-22 07:29:00,0.003981118414408402
period1,sc01,t0140,Node2,Node3,c1,2024-09-22 07:29:00,1.6815350950549757e-07
period1,sc01,t0140,Node1,Node2,c2,2024-09-22 07:29:00,0.003981118414408402
period1,sc01,t0141,Node1,Node2,c1,2024-09-22 08:29:00,0.003981118414408402
period1,sc01,t0141,Node2,Node3,c1,2024-09-22 08:29:00,1.6815350950549757e-07
period1,sc01,t0141,Node1,Node2,c2,2024-09-22 08:29:00,0.003981118414408402
period1,sc01,t0142,Node1,Node2,c1,2024-09-22 09:29:00,0.003981118414408402
period1,sc01,t0142,Node2,Node3,c1,2024-09-22 09:29:00,1.6815350950549757e-07
period1,sc01,t0142,Node1,Node2,c2,2024-09-22 09:29:00,0.003981118414408402
period1,sc01,t0143,Node1,Node2,c1,2024-09-22 10:29:00,0.003981118414408402
period1,sc01,t0143,Node2,Node3,c1,2024-09-22 10:29:00,1.6815350950549757e-07
period1,sc01,t0143,Node1,Node2,c2,2024-09-22 10:29:00,0.003981118414408402
period1,sc01,t0144,Node1,Node2,c1,2024-09-22 11:29:00,0.003981118414408402
period1,sc01,t0144,Node2,Node3,c1,2024-09-22 11:29:00,1.6815350950549757e-07
period1,sc01,t0144,Node1,Node2,c2,2024-09-22 11:29:00,0.003981118414408402
period1,sc01,t0145,Node1,Node2,c1,2024-09-22 12:29:00,0.003981118414408402
period1,sc01,t0145,Node2,Node3,c1,2024-09-22 12:29:00,1.6815350950549757e-07
period1,sc01,t0145,Node1,Node2,c2,2024-09-22 12:29:00,0.003981118414408402
period1,sc01,t0146,Node1,Node2,c1,2024-09-22 13:29:00,0.003981118414408402
period1,sc01,t0146,Node2,Node3,c1,2024-09-22 13:29:00,1.6815350950549757e-07
period1,sc01,t0146,Node1,Node2,c2,2024-09-22 13:29:00,0.003981118414408402
period1,sc01,t0147,Node1,Node2,c1,2024-09-22 14:29:00,0.003981118414408402
period1,sc01,t0147,Node2,Node3,c1,2024-09-22 14:29:00,1.6815350950549757e-07
period1,sc01,t0147,Node1,Node2,c2,2024-09-22 14:29:00,0.003981118414408402
period1,sc01,t0148,Node1,Node2,c1,2024-09-22 15:29:00,0.003981118414408402
period1,sc01,t0148,Node2,Node3,c1,2024-09-22 15:29:00,1.6815350950549757e-07
period1,sc01,t0148,Node1,Node2,c2,2024-09-22 15:29:00,0.003981118414408402
period1,sc01,t0149,Node1,Node2,c1,2024-09-22 16:29:00,0.003981118414408402
period1,sc01,t0149,Node2,Node3,c1,2024-09-22 16:29:00,1.6815350950549757e-07
period1,sc01,t0149,Node1,Node2,c2,2024-09-22 16:29:00,0.003981118414408402
period1,sc01,t0150,Node1,Node2,c1,2024-09-22 17:29:00,0.003977483999999976
period1,sc01,t0150,Node2,Node3,c1,2024-09-22 17:29:00,1.6799999999483894e-07
period1,sc01,t0150,Node1,Node2,c2,2024-09-22 17:29:00,0.003977483999999976
period1,sc01,t0151,Node1,Node2,c1,2024-09-22 18:29:00,0.0
period1,sc01,t0151,Node2,Node3,c1,2024-09-22 18:29:00,0.0
period1,sc01,t0151,Node1,Node2,c2,2024-09-22 18:29:00,0.0
period1,sc01,t0152,Node1,Node2,c1,2024-09-22 19:29:00,0.0
period1,sc01,t0152,Node2,Node3,c1,2024-09-22 19:29:00,0.0
period1,sc01,t0152,Node1,Node2,c2,2024-09-22 19:29:00,0.0
period1,sc01,t0153,Node1,Node2,c1,2024-09-22 20:29:00,0.0
period1,sc01,t0153,Node2,Node3,c1,2024-09-22 20:29:00,0.0
period1,sc01,t0153,Node1,Node2,c2,2024-09-22 20:29:00,0.0
period1,sc01,t0154,Node1,Node2,c1,2024-09-22 21:29:00,0.0
period1,sc01,t0154,Node2,Node3,c1,2024-09-22 21:29:00,0.0
period1,sc01,t0154,Node1,Node2,c2,2024-09-22 21:29:00,0.0
period1,sc01,t0155,Node1,Node2,c1,2024-09-22 22:29:00,0.0
period1,sc01,t0155,Node2,Node3,c1,2024-09-22 22:29:00,0.0
period1,sc01,t0155,Node1,Node2,c2,2024-09-22 22:29:00,0.0
period1,sc01,t0156,Node1,Node2,c1,2024-09-22 23:29:00,0.0
period1,sc01,t0156,Node2,Node3,c1,2024-09-22 23:29:00,0.0
period1,sc01,t0156,Node1,Node2,c2,2024-09-22 23:29:00,0.0
period1,sc01,t0157,Node1,Node2,c1,2024-09-23 00:29:00,0.0
period1,sc01,t0157,Node2,Node3,c1,2024-09-23 00:29:00,0.0
period1,sc01,t0157,Node1,Node2,c2,2024-09-23 00:29:00,0.0
period1,sc01,t0158,Node1,Node2,c1,2024-09-23 01:29:00,0.0
period1,sc01,t0158,Node2,Node3,c1,2024-09-23 01:29:00,0.0
period1,sc01,t0158,Node1,Node2,c2,2024-09-23 01:29:00,0.0
period1,sc01,t0159,Node1,Node2,c1,2024-09-23 02:29:00,0.0
period1,sc01,t0159,Node2,Node3,c1,2024-09-23 02:29:00,0.0
period1,sc01,t0159,Node1,Node2,c2,2024-09-23 02:29:00,0.0
period1,sc01,t0160,Node1,Node2,c1,2024-09-23 03:29:00,0.0
period1,sc01,t0160,Node2,Node3,c1,2024-09-23 03:29:00,0.0
period1,sc01,t0160,Node1,Node2,c2,2024-09-23 03:29:00,0.0
period1,sc01,t0161,Node1,Node2,c1,2024-09-23 04:29:00,0.0
period1,sc01,t0161,Node2,Node3,c1,2024-09-23 04:29:00,0.0
period1,sc01,t0161,Node1,Node2,c2,2024-09-23 04:29:00,0.0
period1,sc01,t0162,Node1,Node2,c1,2024-09-23 05:29:00,0.0
period1,sc01,t0162,Node2,Node3,c1,2024-09-23 05:29:00,0.0
period1,sc01,t0162,Node1,Node2,c2,2024-09-23 05:29:00,0.0
period1,sc01,t0163,Node1,Node2,c1,2024-09-23 06:29:00,0.0
period1,sc01,t0163,Node2,Node3,c1,2024-09-23 06:29:00,0.0
period1,sc01,t0163,Node1,Node2,c2,2024-09-23 06:29:00,0.0
period1,sc01,t0164,Node1,Node2,c1,2024-09-23 07:29:00,0.0
period1,sc01,t0164,Node2,Node3,c1,2024-09-23 07:29:00,0.0
period1,sc01,t0164,Node1,Node2,c2,2024-09-23 07:29:00,0.0
period1,sc01,t0165,Node1,Node2,c1,2024-09-23 08:29:00,0.0
period1,sc01,t0165,Node2,Node3,c1,2024-09-23 08:29:00,0.0
period1,sc01,t0165,Node1,Node2,c2,2024-09-23 08:29:00,0.0
period1,sc01,t0166,Node1,Node2,c1,2024-09-23 09:29:00,0.0
period1,sc01,t0166,Node2,Node3,c1,2024-09-23 09:29:00,0.0
period1,sc01,t0166,Node1,Node2,c2,2024-09-23 09:29:00,0.0
period1,sc01,t0167,Node1,Node2,c1,2024-09-23 10:29:00,0.0
period1,sc01,t0167,Node2,Node3,c1,2024-09-23 10:29:00,0.0
period1,sc01,t0167,Node1,Node2,c2,2024-09-23 10:29:00,0.0
period1,sc01,t0168,Node1,Node2,c1,2024-09-23 11:29:00,0.0
period1,sc01,t0168,Node2,Node3,c1,2024-09-23 11:29:00,0.0
period1,sc01,t0168,Node1,Node2,c2,2024-09-23 11:29:00,0.0
